0 0.100000 0.100000 0.010000 0.010000
0 0.100000 0.100000 0.010000 0.010000
0 0.100000 0.100000 0.010000 0.010000
0 0.100000 0.100000 0.010000 0.010000
0 0.100000 0.100000 0.010000 0.010000
0 0.100000 0.100000 0.013184 0.010000
0 0.101562 0.100000 0.010000 0.010000
0 0.107422 0.100000 0.010000 0.010000
0 0.111328 0.100000 0.010000 0.010000
0 0.120361 0.100000 0.010000 0.010000
0 0.128418 0.100000 0.010000 0.010000
0 0.132080 0.100000 0.010000 0.010000
0 0.146240 0.100000 0.015137 0.010000
0 0.189697 0.100000 0.010000 0.010000
0 0.194824 0.100000 0.010000 0.010000
0 0.202393 0.100000 0.010000 0.010000
0 0.211426 0.100000 0.010000 0.010000
0 0.222900 0.100000 0.010000 0.010000
0 0.235840 0.100000 0.010000 0.010000
0 0.254150 0.100000 0.010000 0.010000
0 0.256348 0.100000 0.010000 0.010000
0 0.274658 0.100000 0.010000 0.010000
0 0.290527 0.100000 0.010000 0.010000
0 0.304199 0.100000 0.010000 0.010000
0 0.311035 0.100000 0.010000 0.010000
0 0.344238 0.100000 0.010000 0.010000
0 0.351318 0.100000 0.010000 0.010000
0 0.354004 0.100000 0.010000 0.010000
0 0.377441 0.100000 0.010000 0.014323
0 0.378174 0.100000 0.010000 0.010000
0 0.391357 0.100000 0.010000 0.010000
0 0.424316 0.100000 0.010000 0.010000
0 0.438232 0.100000 0.010000 0.010000
0 0.440674 0.100000 0.010000 0.010000
0 0.460693 0.100000 0.010000 0.010000
0 0.469482 0.100000 0.012207 0.010000
0 0.472900 0.100000 0.010000 0.010000
0 0.508057 0.100000 0.010000 0.010000
0 0.512451 0.100000 0.010000 0.010000
0 0.515869 0.100000 0.010000 0.010000
0 0.555908 0.100000 0.035645 0.012370
0 0.583740 0.100000 0.010000 0.010000
0 0.592041 0.100000 0.010000 0.010000
0 0.601562 0.100000 0.010000 0.010000
0 0.605469 0.100000 0.010000 0.010000
0 0.613037 0.100000 0.010000 0.010000
0 0.710938 0.100000 0.010000 0.010000
0 0.746582 0.100000 0.010000 0.010000
0 0.749756 0.100000 0.010000 0.010000
0 0.754150 0.100000 0.010000 0.010000
0 0.759766 0.100000 0.011719 0.010000
0 0.768799 0.100000 0.015137 0.010000
0 0.789307 0.100000 0.025879 0.010000
0 0.802734 0.100000 0.019531 0.010000
0 0.809814 0.100000 0.014160 0.010000
0 0.815674 0.100000 0.010000 0.010000
0 0.819824 0.100000 0.010000 0.010000
0 0.823975 0.100000 0.010000 0.010000
0 0.828369 0.100000 0.010000 0.010000
0 0.831055 0.100000 0.010000 0.010000
0 0.834961 0.100000 0.010000 0.010000
0 0.843750 0.100000 0.010742 0.010000
0 0.854248 0.100000 0.010254 0.010000
0 0.866455 0.100000 0.010000 0.010000
0 0.873047 0.100000 0.010000 0.010000
0 0.878662 0.100000 0.010000 0.010000
0 0.884521 0.100000 0.010000 0.010000
0 0.900000 0.100000 0.034180 0.010000
0 0.900000 0.100000 0.010000 0.010000
0 0.900000 0.100000 0.010000 0.010000
0 0.900000 0.100000 0.010000 0.010000
0 0.900000 0.100000 0.011230 0.010000
0 0.900000 0.100000 0.010742 0.010000
0 0.900000 0.100000 0.010000 0.010000
0 0.900000 0.100000 0.012207 0.010000
0 0.900000 0.100000 0.010000 0.010000
0 0.900000 0.100000 0.010000 0.010000
0 0.900000 0.100000 0.010000 0.010000
0 0.650391 0.100000 0.010000 0.016927
0 0.500977 0.100000 0.010000 0.012370
0 0.324463 0.100000 0.015137 0.010000
0 0.362305 0.100000 0.010000 0.014323
0 0.403564 0.100000 0.010000 0.010000
0 0.445557 0.100000 0.010000 0.013672
0 0.729492 0.100000 0.010000 0.010000
0 0.100000 0.100000 0.012695 0.010000
0 0.712158 0.100000 0.010000 0.010000
0 0.165039 0.100000 0.015625 0.011719
0 0.404785 0.100000 0.013672 0.014974
0 0.423096 0.100000 0.010000 0.010000
0 0.426514 0.100000 0.010000 0.010000
0 0.651123 0.100000 0.010000 0.010000
0 0.686279 0.100000 0.010000 0.010000
0 0.321777 0.100000 0.017578 0.010000
0 0.337158 0.100000 0.017090 0.027995
0 0.498291 0.100000 0.010000 0.010000
0 0.585205 0.100000 0.010000 0.010000
0 0.187500 0.100000 0.010000 0.010000
0 0.407471 0.100000 0.010000 0.010000
0 0.443848 0.100000 0.014648 0.018880
0 0.445557 0.100000 0.010000 0.010000
0 0.856934 0.100000 0.012695 0.010000
0 0.210205 0.100000 0.010000 0.010000
0 0.302002 0.100000 0.010000 0.010417
0 0.303955 0.100000 0.010000 0.010417
0 0.307861 0.100000 0.010000 0.010000
0 0.337646 0.100000 0.010000 0.010000
0 0.669678 0.100000 0.011230 0.010417
0 0.280518 0.100000 0.010254 0.010000
0 0.285645 0.100000 0.010000 0.010000
0 0.286865 0.100000 0.010000 0.010000
0 0.436523 0.100000 0.010000 0.010000
0 0.900000 0.100000 0.010000 0.010000
0 0.100000 0.100000 0.010742 0.013672
0 0.280518 0.100000 0.010000 0.010000
0 0.299805 0.100000 0.010000 0.010000
0 0.313965 0.100000 0.010000 0.010000
0 0.399170 0.100000 0.011230 0.011068
0 0.494141 0.100000 0.010000 0.010000
0 0.619873 0.100000 0.019043 0.013672
0 0.627197 0.100000 0.010254 0.018880
0 0.667236 0.100000 0.020020 0.010417
0 0.695312 0.100000 0.012695 0.010000
0 0.798584 0.100000 0.104980 0.022135
0 0.842529 0.100000 0.010000 0.010000
0 0.900000 0.100000 0.019531 0.010000
0 0.416748 0.100000 0.011230 0.016276
0 0.567871 0.100000 0.010000 0.010000
0 0.643555 0.100000 0.010000 0.010000
0 0.499512 0.100000 0.010000 0.010000
0 0.609863 0.100000 0.010000 0.010000
0 0.749268 0.100000 0.020020 0.011719
0 0.855469 0.100000 0.010000 0.010000
0 0.194092 0.100000 0.010000 0.010000
0 0.483643 0.100000 0.010000 0.010000
0 0.501221 0.100000 0.010000 0.010000
0 0.606445 0.100000 0.010000 0.010000
0 0.635254 0.100000 0.010000 0.010417
0 0.885010 0.100000 0.010000 0.010000
0 0.900000 0.100000 0.010000 0.011719
0 0.117920 0.100000 0.018066 0.013672
0 0.393799 0.100000 0.010000 0.010000
0 0.482422 0.100000 0.020508 0.031901
0 0.502441 0.100000 0.010000 0.010000
0 0.522705 0.100000 0.010000 0.010000
0 0.547119 0.100000 0.032715 0.022135
0 0.623047 0.100000 0.010000 0.010000
0 0.731689 0.100000 0.014160 0.013021
0 0.392334 0.100000 0.010000 0.010000
0 0.392578 0.100000 0.010000 0.010000
0 0.534424 0.100000 0.011230 0.010000
0 0.674805 0.100000 0.010000 0.010000
0 0.816406 0.100000 0.010000 0.010000
0 0.900000 0.100000 0.011719 0.010000
0 0.900000 0.100000 0.010000 0.010000
0 0.100000 0.100000 0.010000 0.010000
0 0.199707 0.100000 0.010000 0.014323
0 0.487305 0.100000 0.010000 0.010000
0 0.517578 0.100000 0.016602 0.024089
0 0.603516 0.100000 0.010000 0.010000
0 0.882080 0.100000 0.017090 0.010000
0 0.134521 0.100000 0.010000 0.012370
0 0.544678 0.100000 0.010000 0.010000
0 0.588379 0.100000 0.010000 0.010000
0 0.604980 0.100000 0.010000 0.010000
0 0.900000 0.100000 0.010000 0.014974
0 0.900000 0.100000 0.010000 0.010000
0 0.535645 0.100000 0.010000 0.010000
0 0.716797 0.100000 0.010742 0.011068
0 0.900000 0.100000 0.010000 0.010000
0 0.100000 0.100000 0.010000 0.010000
0 0.391113 0.100000 0.010000 0.010000
0 0.100000 0.100000 0.013672 0.010000
0 0.223145 0.100000 0.010742 0.010000
0 0.364014 0.100000 0.010000 0.010417
0 0.422119 0.100000 0.010000 0.010000
0 0.588867 0.100000 0.010742 0.010000
0 0.900000 0.100000 0.010000 0.010000
0 0.900000 0.100000 0.013184 0.013021
0 0.421143 0.100000 0.010000 0.010000
0 0.520508 0.100000 0.010000 0.010000
0 0.541260 0.100000 0.013184 0.010000
0 0.823730 0.100000 0.015625 0.010000
0 0.900000 0.100000 0.010000 0.010000
0 0.900000 0.100000 0.011230 0.010000
0 0.100000 0.100000 0.010000 0.010000
0 0.240967 0.100000 0.010000 0.010000
0 0.323975 0.100000 0.010254 0.010000
0 0.347168 0.100000 0.010000 0.011068
0 0.900000 0.100000 0.010000 0.010000
0 0.363525 0.100000 0.010000 0.010000
0 0.424805 0.100000 0.010000 0.010000
0 0.587158 0.100000 0.013184 0.011719
0 0.157471 0.100000 0.010000 0.010000
0 0.174072 0.100000 0.012207 0.010000
0 0.309326 0.100000 0.011230 0.014974
0 0.429443 0.100000 0.010000 0.010000
0 0.900000 0.100000 0.055176 0.024740
0 0.100000 0.100000 0.011719 0.010000
0 0.100000 0.100000 0.010000 0.010000
0 0.109619 0.100000 0.010000 0.010000
0 0.322510 0.100000 0.010000 0.010000
0 0.467529 0.100000 0.010000 0.010000
0 0.566650 0.100000 0.014160 0.013021
0 0.625000 0.100000 0.010000 0.010000
0 0.708740 0.100000 0.012207 0.010000
0 0.713379 0.100000 0.010742 0.010000
0 0.793701 0.100000 0.010000 0.010000
0 0.900000 0.100000 0.012695 0.010000
0 0.445312 0.100000 0.010000 0.010417
0 0.469238 0.100000 0.010000 0.010000
0 0.548096 0.100000 0.010000 0.010000
0 0.581543 0.100000 0.010000 0.010000
0 0.900000 0.100000 0.011230 0.010000
0 0.100000 0.100000 0.019531 0.010000
0 0.153076 0.100000 0.010000 0.010000
0 0.254883 0.100000 0.012695 0.010000
0 0.280029 0.100000 0.010000 0.010000
0 0.349121 0.100000 0.010000 0.010000
0 0.449463 0.100000 0.010000 0.010000
0 0.471191 0.100000 0.010000 0.010000
0 0.565918 0.100000 0.010000 0.010000
0 0.623047 0.100000 0.010000 0.010000
0 0.100000 0.100000 0.010000 0.010000
0 0.100098 0.100000 0.010000 0.010000
0 0.280029 0.100000 0.012207 0.010000
0 0.472900 0.100000 0.010000 0.010000
0 0.560547 0.100000 0.010000 0.010000
0 0.620850 0.100000 0.010000 0.010000
0 0.900000 0.100000 0.010000 0.010000
0 0.297607 0.100000 0.010000 0.014974
0 0.474854 0.100000 0.010000 0.010000
0 0.688965 0.100000 0.010000 0.010000
0 0.138916 0.100000 0.010000 0.021484
0 0.181885 0.100000 0.010254 0.010000
0 0.306641 0.100000 0.010000 0.010000
0 0.519775 0.100000 0.010000 0.010000
0 0.537109 0.100000 0.010000 0.010000
0 0.100000 0.100000 0.010000 0.010000
0 0.279541 0.100000 0.010000 0.010000
0 0.289551 0.100000 0.019531 0.024089
0 0.304688 0.100000 0.010000 0.010000
0 0.380127 0.100000 0.010000 0.011068
0 0.100000 0.100000 0.010000 0.010000
0 0.100000 0.100000 0.012695 0.010000
0 0.100000 0.100000 0.033691 0.014323
0 0.241455 0.100000 0.010000 0.010417
0 0.259277 0.100000 0.010000 0.010000
0 0.431152 0.100000 0.010000 0.010000
0 0.100000 0.100000 0.010000 0.010417
0 0.177002 0.100000 0.010000 0.010000
0 0.181885 0.100000 0.010000 0.010000
0 0.201660 0.100000 0.010000 0.010417
0 0.320312 0.100000 0.010000 0.010000
0 0.391602 0.100000 0.010000 0.013021
0 0.409668 0.100000 0.010000 0.014323
0 0.641113 0.100000 0.010000 0.010000
0 0.210693 0.100000 0.010000 0.010000
0 0.301270 0.100000 0.010000 0.010000
0 0.384521 0.100000 0.010000 0.010000
0 0.386719 0.100000 0.010000 0.010000
0 0.434570 0.100000 0.010000 0.010000
0 0.441406 0.100000 0.013672 0.013672
0 0.162842 0.100000 0.010000 0.010000
0 0.327881 0.100000 0.010000 0.011068
0 0.437012 0.100000 0.022461 0.015625
0 0.461182 0.100000 0.014160 0.018229
0 0.832031 0.100000 0.011719 0.010000
0 0.877686 0.100000 0.054199 0.018229
0 0.169189 0.100000 0.010000 0.010000
0 0.815186 0.100000 0.017090 0.010000
0 0.118164 0.100000 0.011719 0.013021
0 0.265381 0.100000 0.016113 0.011068
0 0.302979 0.100000 0.010000 0.010000
0 0.332031 0.100000 0.010000 0.010000
0 0.441406 0.100000 0.010000 0.010000
0 0.544189 0.100000 0.013184 0.011068
0 0.810791 0.100000 0.010254 0.010000
0 0.900000 0.100000 0.010000 0.010000
0 0.231689 0.100000 0.010000 0.010000
0 0.429688 0.100000 0.016602 0.013672
0 0.554199 0.100000 0.012695 0.016927
0 0.608643 0.100000 0.010000 0.010000
0 0.772949 0.100000 0.013672 0.010000
0 0.805664 0.100000 0.012695 0.010000
0 0.100000 0.100000 0.018555 0.013672
0 0.100000 0.100000 0.012695 0.010000
0 0.135010 0.100000 0.010000 0.010000
0 0.215820 0.100000 0.010000 0.010000
0 0.279541 0.100000 0.010000 0.010000
0 0.343506 0.100000 0.010000 0.010000
0 0.529297 0.100000 0.010000 0.010000
0 0.602295 0.100000 0.010000 0.010000
0 0.612793 0.100000 0.011719 0.011068
0 0.802246 0.100000 0.010742 0.010000
0 0.343018 0.100000 0.010000 0.010000
0 0.480469 0.100000 0.010000 0.010000
0 0.482910 0.100000 0.010000 0.010000
0 0.581055 0.100000 0.012695 0.011068
0 0.611572 0.100000 0.010000 0.010000
0 0.624023 0.100000 0.010000 0.010000
0 0.656250 0.100000 0.010000 0.010000
0 0.790039 0.100000 0.012695 0.010000
0 0.796875 0.100000 0.010000 0.010000
0 0.900000 0.100000 0.086426 0.035807
0 0.900000 0.100000 0.010000 0.010000
0 0.341309 0.100000 0.010000 0.010000
0 0.561279 0.100000 0.013184 0.011068
0 0.590088 0.100000 0.010000 0.010000
0 0.621582 0.100000 0.010000 0.010000
0 0.780273 0.100000 0.016602 0.010000
0 0.785156 0.100000 0.015625 0.010000
0 0.138428 0.100000 0.010000 0.010000
0 0.487793 0.100000 0.010000 0.010000
0 0.489746 0.100000 0.010000 0.010000
0 0.491455 0.100000 0.010000 0.010000
0 0.492432 0.100000 0.010000 0.010000
0 0.494385 0.100000 0.010000 0.010000
0 0.574951 0.100000 0.010000 0.010000
0 0.663086 0.100000 0.014648 0.010000
0 0.771729 0.100000 0.010254 0.011719
0 0.162109 0.100000 0.010000 0.010000
0 0.170898 0.100000 0.012695 0.014323
0 0.269043 0.100000 0.010742 0.010000
0 0.339844 0.100000 0.010000 0.010000
0 0.412842 0.100000 0.010000 0.010417
0 0.563232 0.100000 0.010000 0.010000
0 0.645752 0.100000 0.010000 0.010000
0 0.672607 0.100000 0.010000 0.010000
0 0.761230 0.100000 0.014648 0.010417
0 0.768799 0.100000 0.010000 0.010000
0 0.848145 0.100000 0.010000 0.010000
0 0.854492 0.100000 0.013672 0.010000
0 0.100000 0.100000 0.010000 0.010000
0 0.100000 0.100000 0.010000 0.020182
0 0.320312 0.100000 0.010000 0.013021
0 0.744385 0.100000 0.010000 0.010000
0 0.757812 0.100000 0.011719 0.010417
0 0.842041 0.100000 0.010000 0.010000
0 0.844727 0.100000 0.010000 0.010000
0 0.339844 0.100000 0.010000 0.010000
0 0.370605 0.100000 0.010742 0.010000
0 0.676514 0.100000 0.010000 0.010000
0 0.141602 0.100000 0.010000 0.010000
0 0.313965 0.100000 0.014648 0.012370
0 0.349365 0.100000 0.021973 0.011068
0 0.370117 0.100000 0.020508 0.013672
0 0.380127 0.100000 0.010000 0.010000
0 0.643066 0.100000 0.010742 0.010000
0 0.745850 0.100000 0.010000 0.011719
0 0.754150 0.100000 0.010254 0.010000
0 0.359619 0.100000 0.011230 0.010000
0 0.388184 0.100000 0.015625 0.010000
0 0.681396 0.100000 0.010000 0.010000
0 0.839355 0.100000 0.010000 0.010000
0 0.313721 0.100000 0.010254 0.010000
0 0.356934 0.100000 0.010742 0.010000
0 0.388672 0.100000 0.010000 0.010000
0 0.394531 0.100000 0.010000 0.010000
0 0.397217 0.100000 0.010000 0.010417
0 0.628662 0.100000 0.024902 0.010000
0 0.231201 0.100000 0.010000 0.010000
0 0.356934 0.100000 0.010000 0.010000
0 0.619873 0.100000 0.010000 0.010000
0 0.127930 0.100000 0.010000 0.010000
0 0.125488 0.100000 0.010000 0.010000
0 0.587158 0.100000 0.011230 0.010000
0 0.717529 0.100000 0.029785 0.013021
0 0.900000 0.100000 0.010000 0.010000
0 0.900000 0.100000 0.010000 0.010000
0 0.900000 0.100000 0.010000 0.010000
0 0.114746 0.100000 0.010000 0.011719
0 0.130859 0.100000 0.010000 0.010000
0 0.100000 0.100000 0.010254 0.010000
0 0.149658 0.100000 0.012207 0.016927
0 0.249512 0.100000 0.010000 0.011719
0 0.283447 0.100000 0.010000 0.010417
0 0.591064 0.100000 0.018066 0.010000
0 0.610107 0.100000 0.010000 0.010000
0 0.723145 0.100000 0.010000 0.010000
0 0.103516 0.100000 0.010000 0.010417
0 0.623047 0.100000 0.010000 0.010000
0 0.100000 0.100000 0.010000 0.010000
0 0.328613 0.100000 0.010000 0.010000
0 0.491943 0.100000 0.010000 0.010000
0 0.595703 0.100000 0.034180 0.010417
0 0.744141 0.100000 0.010000 0.010000
0 0.105225 0.100000 0.010000 0.010000
0 0.179932 0.100000 0.010000 0.010000
0 0.281006 0.100000 0.010000 0.010000
0 0.457764 0.100000 0.036621 0.015625
0 0.492432 0.100000 0.019043 0.013021
0 0.546143 0.100000 0.010000 0.010000
0 0.549561 0.100000 0.010000 0.010000
0 0.551758 0.100000 0.010000 0.010000
0 0.696045 0.100000 0.010000 0.013021
0 0.900000 0.100000 0.010000 0.010000
0 0.277588 0.100000 0.010000 0.010000
0 0.396973 0.100000 0.010000 0.010000
0 0.427002 0.100000 0.018066 0.021484
0 0.533447 0.100000 0.010000 0.010000
0 0.537842 0.100000 0.013184 0.010000
0 0.100000 0.100000 0.010000 0.010000
0 0.527588 0.100000 0.010000 0.010000
0 0.808105 0.100000 0.017578 0.013021
0 0.818604 0.100000 0.010000 0.011719
0 0.242432 0.100000 0.010000 0.010000
0 0.272705 0.100000 0.010000 0.013021
0 0.396729 0.100000 0.010000 0.010000
0 0.482666 0.100000 0.010000 0.010000
0 0.519287 0.100000 0.010000 0.010000
0 0.740967 0.100000 0.010000 0.010000
0 0.900000 0.100000 0.010000 0.010000
0 0.900000 0.100000 0.010000 0.010000
0 0.100000 0.100000 0.010000 0.010000
0 0.511719 0.100000 0.010000 0.010000
0 0.515625 0.100000 0.010000 0.010000
0 0.605469 0.100000 0.010742 0.010000
0 0.784424 0.100000 0.010000 0.010000
0 0.807129 0.100000 0.010000 0.010000
0 0.898193 0.100000 0.032715 0.016927
0 0.100000 0.105143 0.013184 0.037109
0 0.207031 0.100000 0.010000 0.010000
0 0.219482 0.100000 0.012207 0.010417
0 0.264648 0.100000 0.010000 0.010000
0 0.270020 0.100000 0.010000 0.010417
0 0.397949 0.100000 0.010000 0.013021
0 0.416992 0.100000 0.010000 0.010000
0 0.466797 0.100000 0.010000 0.010000
0 0.606934 0.100000 0.010000 0.010000
0 0.835205 0.100000 0.010000 0.010000
0 0.149414 0.100000 0.010000 0.010000
0 0.363770 0.100000 0.010000 0.010000
0 0.510254 0.100000 0.010000 0.010000
0 0.786865 0.100000 0.017090 0.010000
0 0.892578 0.100000 0.010000 0.010000
0 0.894531 0.100000 0.010000 0.010000
0 0.900000 0.100000 0.010000 0.010000
0 0.100000 0.100000 0.023438 0.018880
0 0.227295 0.100000 0.010000 0.010000
0 0.298340 0.100000 0.010000 0.010000
0 0.100000 0.100000 0.010000 0.010000
0 0.296143 0.100000 0.010000 0.010000
0 0.607666 0.100000 0.010000 0.010000
0 0.884277 0.100000 0.010742 0.010000
0 0.889160 0.100000 0.010000 0.010000
0 0.900000 0.100000 0.012695 0.010000
0 0.900000 0.100000 0.010000 0.010000
0 0.326904 0.100000 0.010000 0.010417
0 0.878906 0.100000 0.010000 0.010000
0 0.100000 0.100000 0.010000 0.010000
0 0.296143 0.100000 0.010000 0.010417
0 0.383301 0.101888 0.014648 0.017578
0 0.327393 0.100000 0.010000 0.010000
0 0.376709 0.100000 0.010000 0.012370
0 0.649414 0.100000 0.010000 0.010000
0 0.656738 0.100000 0.010742 0.010417
0 0.662354 0.100000 0.011230 0.010417
0 0.871582 0.100000 0.010000 0.010000
0 0.900000 0.100000 0.010254 0.010000
0 0.900000 0.100000 0.010000 0.010000
0 0.114502 0.101237 0.010000 0.011068
0 0.200928 0.100000 0.010000 0.010000
0 0.381592 0.100000 0.010000 0.010000
0 0.508789 0.100586 0.010000 0.011068
0 0.569824 0.103516 0.010742 0.015625
0 0.667725 0.100000 0.010254 0.010000
0 0.894775 0.100000 0.010000 0.010000
0 0.100000 0.100000 0.010000 0.010000
0 0.189453 0.100000 0.010000 0.010000
0 0.294189 0.104492 0.010000 0.016276
0 0.311768 0.101237 0.010000 0.010000
0 0.329834 0.100260 0.010000 0.010000
0 0.349365 0.109049 0.016113 0.024089
0 0.558594 0.100000 0.010000 0.010000
0 0.562500 0.100000 0.010000 0.010000
0 0.679932 0.100000 0.010000 0.010000
0 0.740479 0.101237 0.010000 0.010000
0 0.861572 0.100000 0.010000 0.010000
0 0.116943 0.103190 0.010000 0.010000
0 0.118408 0.103190 0.010000 0.011068
0 0.164795 0.100000 0.010000 0.010000
0 0.284912 0.102539 0.010000 0.010000
0 0.313965 0.101562 0.010000 0.010000
0 0.315674 0.102539 0.010000 0.010000
0 0.477539 0.102539 0.015625 0.010000
0 0.508545 0.100911 0.010000 0.010000
0 0.641602 0.102865 0.010000 0.010000
0 0.860840 0.100000 0.010000 0.010000
0 0.252686 0.100000 0.010000 0.010000
0 0.310303 0.102539 0.010000 0.010000
0 0.621094 0.103516 0.010000 0.010000
0 0.858154 0.100911 0.010000 0.010000
0 0.100000 0.103516 0.010000 0.010000
0 0.112305 0.101888 0.010000 0.010000
0 0.160889 0.103841 0.015137 0.010000
0 0.399414 0.102539 0.010000 0.010000
0 0.468262 0.106120 0.010000 0.010417
0 0.627197 0.105794 0.011230 0.011068
0 0.740723 0.103841 0.015625 0.010000
0 0.104492 0.104492 0.010000 0.010000
0 0.146484 0.104492 0.010000 0.010000
0 0.148926 0.107422 0.010000 0.011719
0 0.288818 0.107747 0.010000 0.011068
0 0.331055 0.104167 0.010000 0.010000
0 0.453857 0.106445 0.010000 0.010000
0 0.511963 0.104818 0.010000 0.010000
0 0.520752 0.106120 0.010000 0.010000
0 0.522461 0.107096 0.010000 0.010000
0 0.574707 0.106120 0.010000 0.010000
0 0.749756 0.104492 0.010000 0.010000
0 0.886230 0.106771 0.016602 0.010000
0 0.100000 0.109375 0.010000 0.013021
0 0.423828 0.106120 0.010000 0.010000
0 0.449951 0.107747 0.010000 0.010000
0 0.514648 0.106120 0.010000 0.010000
0 0.517822 0.106445 0.010000 0.010000
0 0.847168 0.104818 0.010000 0.010000
0 0.873779 0.106771 0.010254 0.010000
0 0.397217 0.107422 0.010000 0.010000
0 0.591309 0.111003 0.011719 0.012370
0 0.633545 0.105469 0.010000 0.010000
0 0.844482 0.105794 0.010000 0.010000
0 0.158936 0.115234 0.013184 0.018229
0 0.331787 0.107747 0.010000 0.010000
0 0.702637 0.110677 0.030273 0.010417
0 0.701172 0.110352 0.012695 0.010000
0 0.716553 0.112630 0.010000 0.010417
0 0.900000 0.108724 0.010000 0.010000
0 0.135254 0.111003 0.010000 0.010000
0 0.299561 0.111654 0.010000 0.010000
0 0.674805 0.111328 0.010000 0.010000
0 0.100000 0.113281 0.010000 0.010000
0 0.415039 0.116862 0.010000 0.014974
0 0.672852 0.112305 0.010000 0.010000
0 0.685547 0.113607 0.010000 0.010000
0 0.691162 0.112956 0.013184 0.010000
0 0.824707 0.111979 0.010000 0.010000
0 0.825195 0.110677 0.010000 0.010000
0 0.888916 0.112956 0.010000 0.010000
0 0.100000 0.115234 0.010000 0.010000
0 0.252930 0.119792 0.010000 0.014323
0 0.269775 0.116862 0.010000 0.010000
0 0.435303 0.117513 0.010254 0.010000
0 0.591064 0.115234 0.010000 0.010000
0 0.720459 0.115560 0.010000 0.010000
0 0.811279 0.114258 0.010000 0.010000
0 0.900000 0.116211 0.010000 0.010000
0 0.227783 0.115885 0.010000 0.010000
0 0.238525 0.118164 0.010000 0.010000
0 0.394043 0.114909 0.010000 0.010000
0 0.500732 0.119466 0.010000 0.011068
0 0.807617 0.117188 0.014648 0.010000
0 0.846191 0.114583 0.010000 0.010000
0 0.184082 0.116536 0.010000 0.010000
0 0.234375 0.119792 0.010000 0.010000
0 0.268555 0.122070 0.010000 0.013672
0 0.414307 0.121094 0.010000 0.011719
0 0.467773 0.121745 0.010000 0.013021
0 0.524658 0.116211 0.010000 0.010000
0 0.528076 0.116211 0.010000 0.010000
0 0.100000 0.118490 0.010000 0.010000
0 0.212891 0.120768 0.010000 0.010000
0 0.490234 0.125000 0.019531 0.016927
0 0.502930 0.120117 0.010000 0.010000
0 0.506104 0.119141 0.010000 0.010000
0 0.508301 0.119141 0.010000 0.010000
0 0.530029 0.117188 0.010000 0.010000
0 0.609131 0.119141 0.014160 0.010000
0 0.722412 0.117839 0.010000 0.010000
0 0.900000 0.118815 0.010000 0.010000
0 0.531006 0.118815 0.010000 0.010000
0 0.583496 0.131510 0.074219 0.027344
0 0.608887 0.122396 0.013672 0.010000
0 0.646729 0.124674 0.028809 0.013672
0 0.724609 0.119466 0.010000 0.010000
0 0.789551 0.128906 0.013672 0.022135
0 0.807617 0.120443 0.016602 0.010000
0 0.822266 0.121094 0.010742 0.010000
0 0.836670 0.122070 0.033691 0.010000
0 0.866211 0.120768 0.010000 0.010000
0 0.100000 0.119466 0.010000 0.010000
0 0.326904 0.124349 0.010000 0.010417
0 0.351074 0.120443 0.010000 0.010000
0 0.431641 0.121094 0.010000 0.010000
0 0.814209 0.122396 0.010000 0.010000
0 0.313721 0.132487 0.010000 0.025391
0 0.774170 0.122721 0.010000 0.010000
0 0.900000 0.123372 0.012695 0.010000
0 0.324463 0.124674 0.010000 0.010000
0 0.468506 0.126953 0.012207 0.011719
0 0.764160 0.127279 0.017578 0.011068
0 0.771973 0.124023 0.010000 0.010000
0 0.900000 0.125651 0.010000 0.010000
0 0.135010 0.126628 0.012207 0.010000
0 0.312012 0.126302 0.010000 0.010000
0 0.317627 0.125651 0.010000 0.010000
0 0.320557 0.125000 0.010000 0.010000
0 0.380859 0.129557 0.010000 0.013021
0 0.385010 0.126953 0.010000 0.010000
0 0.393311 0.132812 0.015137 0.019531
0 0.463623 0.126628 0.010000 0.010000
0 0.475830 0.126302 0.010000 0.010000
0 0.493164 0.124023 0.010000 0.010000
0 0.536865 0.128906 0.014160 0.013021
0 0.612793 0.123372 0.010000 0.010000
0 0.629639 0.125977 0.010000 0.010000
0 0.369385 0.126953 0.010000 0.010000
0 0.438965 0.125000 0.010000 0.010000
0 0.440430 0.127930 0.010000 0.010000
0 0.461182 0.125977 0.010000 0.010000
0 0.826904 0.127930 0.010000 0.010000
0 0.900000 0.129883 0.010254 0.012370
0 0.269287 0.128581 0.010000 0.010000
0 0.414795 0.127930 0.012207 0.010000
0 0.616943 0.131510 0.011230 0.010417
0 0.623779 0.131836 0.010000 0.011068
0 0.759033 0.130208 0.012207 0.010000
0 0.796143 0.134440 0.011230 0.014974
0 0.100000 0.134766 0.023926 0.013021
0 0.100000 0.130534 0.010000 0.010000
0 0.363770 0.133138 0.010000 0.011068
0 0.441162 0.131185 0.010000 0.010000
0 0.100000 0.129557 0.010000 0.010000
0 0.271240 0.131185 0.010000 0.010000
0 0.331055 0.134766 0.010000 0.010417
0 0.441650 0.132812 0.010000 0.010000
0 0.571777 0.130208 0.010000 0.010000
0 0.574463 0.130859 0.010000 0.010000
0 0.750244 0.134115 0.016113 0.010417
0 0.100000 0.131510 0.010000 0.010000
0 0.208252 0.131510 0.010000 0.010000
0 0.231445 0.132161 0.010000 0.010000
0 0.531982 0.135091 0.016113 0.010000
0 0.789062 0.145182 0.019531 0.029948
0 0.361328 0.136719 0.010742 0.010417
0 0.505127 0.150391 0.049316 0.037760
0 0.750244 0.138346 0.010254 0.013672
0 0.900000 0.135742 0.010000 0.010000
0 0.900000 0.136393 0.010000 0.010000
0 0.900000 0.141927 0.018066 0.020833
0 0.100000 0.136068 0.010000 0.010000
0 0.260742 0.133789 0.012695 0.010000
0 0.377686 0.139648 0.010000 0.012370
0 0.471924 0.136068 0.010000 0.010000
0 0.110840 0.137695 0.010742 0.010000
0 0.204590 0.140299 0.010000 0.012370
0 0.225098 0.139323 0.010000 0.010000
0 0.234375 0.139974 0.011719 0.010417
0 0.338135 0.138672 0.010254 0.010000
0 0.438477 0.136393 0.010000 0.010000
0 0.606445 0.135091 0.010000 0.010000
0 0.750732 0.138021 0.010000 0.010000
0 0.100000 0.136393 0.012207 0.010000
0 0.229492 0.137370 0.010000 0.010000
0 0.260498 0.137044 0.010000 0.010000
0 0.338135 0.138672 0.010000 0.010000
0 0.349609 0.140951 0.010742 0.010000
0 0.437988 0.138346 0.010000 0.010000
0 0.472412 0.138672 0.010000 0.010000
0 0.653564 0.141927 0.010000 0.011719
0 0.900000 0.137044 0.010000 0.010000
0 0.100000 0.140951 0.010000 0.010000
0 0.470703 0.141276 0.015625 0.010000
0 0.548096 0.145508 0.011230 0.017578
0 0.875244 0.141276 0.013184 0.010000
0 0.171143 0.140951 0.010000 0.010000
0 0.197510 0.142253 0.012207 0.010000
0 0.437500 0.141276 0.012695 0.010000
0 0.192139 0.144206 0.013184 0.010000
0 0.308350 0.142253 0.010000 0.010000
0 0.477539 0.142253 0.010000 0.010000
0 0.821045 0.142904 0.010000 0.010000
0 0.855713 0.145182 0.022949 0.011719
0 0.239990 0.145508 0.010254 0.010000
0 0.306641 0.144857 0.010000 0.010000
0 0.457520 0.144857 0.027344 0.010000
0 0.477783 0.144206 0.010000 0.010000
0 0.100000 0.145182 0.013672 0.010000
0 0.206299 0.145182 0.010000 0.010000
0 0.397949 0.143880 0.010000 0.010000
0 0.422607 0.148112 0.010000 0.011068
0 0.606934 0.143555 0.010000 0.010000
0 0.616211 0.142904 0.010000 0.010000
0 0.118164 0.144857 0.010000 0.010000
0 0.222656 0.145508 0.010000 0.010000
0 0.293457 0.148438 0.010000 0.010000
0 0.305176 0.146484 0.010000 0.010000
0 0.438721 0.144857 0.010000 0.010000
0 0.479004 0.146159 0.010000 0.010000
0 0.617188 0.145182 0.010000 0.010000
0 0.703125 0.150716 0.013672 0.013672
0 0.825195 0.147786 0.010000 0.010000
0 0.100000 0.146159 0.010000 0.010000
0 0.241943 0.148112 0.011230 0.010000
0 0.288818 0.150065 0.010000 0.011068
0 0.301758 0.147135 0.010000 0.010000
0 0.379883 0.145833 0.010000 0.010000
0 0.441650 0.146810 0.010000 0.010000
0 0.447266 0.147786 0.010000 0.010000
0 0.676758 0.149414 0.010742 0.010000
0 0.690918 0.150716 0.012695 0.011068
0 0.900000 0.150391 0.020020 0.011719
0 0.100000 0.150065 0.010000 0.010000
0 0.145020 0.146810 0.010000 0.010000
0 0.165039 0.150391 0.027344 0.010000
0 0.178223 0.148112 0.015625 0.010000
0 0.345459 0.147135 0.010000 0.010000
0 0.618408 0.148763 0.010000 0.010000
0 0.681152 0.151042 0.012695 0.010000
0 0.709961 0.151693 0.018555 0.011719
0 0.730957 0.146810 0.011719 0.010000
0 0.767578 0.153971 0.024414 0.016276
0 0.794922 0.152344 0.016602 0.013021
0 0.900000 0.149414 0.010000 0.010000
0 0.100000 0.148438 0.010000 0.010000
0 0.100000 0.149740 0.011230 0.010000
0 0.219971 0.148438 0.011230 0.010000
0 0.425537 0.155273 0.010000 0.014974
0 0.544678 0.157227 0.010000 0.020182
0 0.682861 0.151693 0.010254 0.010000
0 0.696533 0.153646 0.010000 0.011719
0 0.714600 0.152344 0.017090 0.010417
0 0.395752 0.151693 0.010000 0.010000
0 0.456787 0.149414 0.010000 0.010000
0 0.540527 0.152344 0.010000 0.010000
0 0.898926 0.153320 0.010000 0.010000
0 0.356934 0.155273 0.010000 0.010000
0 0.449707 0.155273 0.010000 0.010000
0 0.814941 0.154622 0.010000 0.010000
0 0.148438 0.154622 0.021484 0.010000
0 0.390137 0.161784 0.014648 0.016276
0 0.779053 0.157552 0.010000 0.010000
0 0.100000 0.156901 0.012207 0.010000
0 0.256836 0.158529 0.010000 0.010000
0 0.331055 0.158203 0.010000 0.010000
0 0.581299 0.157227 0.010000 0.010000
0 0.139648 0.157552 0.014648 0.010000
0 0.253174 0.159505 0.010000 0.010000
0 0.362305 0.159180 0.010000 0.010000
0 0.528809 0.157878 0.010000 0.010000
0 0.728271 0.161784 0.010000 0.010000
0 0.751221 0.159180 0.010000 0.010000
0 0.341064 0.159831 0.010000 0.010000
0 0.410156 0.167643 0.012695 0.020182
0 0.450195 0.159505 0.010000 0.010000
0 0.582275 0.159831 0.013184 0.010000
0 0.666016 0.158854 0.010000 0.010000
0 0.731689 0.162435 0.010000 0.010000
0 0.737305 0.165365 0.010000 0.014323
0 0.749756 0.161133 0.010000 0.010000
0 0.282227 0.161133 0.010000 0.010000
0 0.376953 0.160156 0.010000 0.010000
0 0.407715 0.163411 0.010000 0.010000
0 0.451416 0.163737 0.010000 0.010000
0 0.749512 0.173828 0.024414 0.028646
0 0.748535 0.162760 0.010000 0.010000
0 0.900000 0.162435 0.010000 0.010000
0 0.368652 0.162760 0.011719 0.010000
0 0.381348 0.162435 0.010000 0.010000
0 0.472900 0.169596 0.010254 0.017578
0 0.597656 0.162435 0.010000 0.010000
0 0.816650 0.163086 0.010000 0.010000
0 0.868652 0.165365 0.010000 0.010000
0 0.268799 0.164062 0.010000 0.010000
0 0.302979 0.171224 0.010000 0.018229
0 0.522461 0.166016 0.010000 0.010000
0 0.550049 0.165365 0.010000 0.010000
0 0.584717 0.164714 0.015137 0.010000
0 0.626709 0.168620 0.031738 0.014323
0 0.277588 0.167969 0.014160 0.010000
0 0.367920 0.165365 0.010000 0.010000
0 0.478027 0.167318 0.010000 0.010000
0 0.605713 0.169922 0.025879 0.013021
0 0.743652 0.165039 0.010000 0.010000
0 0.860352 0.166992 0.010000 0.010000
0 0.900000 0.168294 0.010000 0.010000
0 0.432617 0.170247 0.010000 0.011068
0 0.551514 0.166667 0.010000 0.010000
0 0.584961 0.166992 0.011719 0.010000
0 0.614990 0.165365 0.010000 0.010000
0 0.900000 0.168945 0.010000 0.010000
0 0.552490 0.168294 0.010000 0.010000
0 0.633545 0.169922 0.014160 0.010000
0 0.642822 0.170573 0.010000 0.010417
0 0.790771 0.176432 0.020020 0.020833
0 0.900000 0.167643 0.010000 0.010000
0 0.300049 0.172852 0.010000 0.011068
0 0.312744 0.173828 0.013184 0.014323
0 0.477783 0.167643 0.010000 0.010000
0 0.480469 0.170247 0.010000 0.010000
0 0.900000 0.171224 0.010000 0.010000
0 0.100000 0.171224 0.010000 0.010000
0 0.100000 0.171224 0.013672 0.010000
0 0.203125 0.170898 0.010742 0.010000
0 0.285889 0.172852 0.010000 0.010000
0 0.306396 0.174479 0.010000 0.013021
0 0.553467 0.169922 0.010000 0.010000
0 0.651611 0.170247 0.010000 0.010000
0 0.660156 0.173177 0.012695 0.010000
0 0.792969 0.174805 0.014648 0.012370
0 0.100000 0.172201 0.010000 0.010000
0 0.231689 0.174479 0.010000 0.010000
0 0.635498 0.169922 0.010000 0.010000
0 0.900000 0.172526 0.010000 0.010000
0 0.900000 0.171224 0.010254 0.010000
0 0.100000 0.173828 0.014160 0.010000
0 0.100000 0.178711 0.010254 0.014974
0 0.172852 0.178711 0.042969 0.016276
0 0.207031 0.175130 0.012695 0.010000
0 0.215576 0.175130 0.018066 0.010000
0 0.226807 0.175130 0.010000 0.010000
0 0.329346 0.175456 0.010000 0.010000
0 0.482666 0.172852 0.010000 0.010000
0 0.565186 0.178060 0.010000 0.013672
0 0.677002 0.177734 0.010000 0.013021
0 0.763428 0.175456 0.019043 0.010000
0 0.779053 0.175130 0.011230 0.010000
0 0.781006 0.174154 0.010000 0.010000
0 0.896240 0.173177 0.010000 0.010000
0 0.180420 0.177409 0.017090 0.010000
0 0.250000 0.178385 0.016602 0.011719
0 0.294189 0.177409 0.010000 0.010000
0 0.331299 0.175781 0.010000 0.010000
0 0.346436 0.178711 0.014160 0.013672
0 0.573730 0.177734 0.017578 0.010417
0 0.681152 0.178711 0.010000 0.013672
0 0.773926 0.176432 0.010000 0.010000
0 0.795410 0.174154 0.010000 0.010000
0 0.100000 0.175456 0.010000 0.010000
0 0.367920 0.174154 0.010000 0.010000
0 0.448975 0.174479 0.010000 0.010000
0 0.581787 0.179362 0.010000 0.011068
0 0.663818 0.180339 0.010000 0.013021
0 0.673828 0.177734 0.010000 0.010000
0 0.100000 0.176758 0.010000 0.010000
0 0.446777 0.176107 0.010000 0.010000
0 0.572998 0.177734 0.011230 0.010000
0 0.721680 0.180339 0.011719 0.011719
0 0.100000 0.177734 0.010000 0.010000
0 0.259033 0.181966 0.010000 0.011068
0 0.386719 0.179036 0.010000 0.010000
0 0.445312 0.178060 0.010000 0.010000
0 0.114502 0.182292 0.020996 0.010000
0 0.124268 0.183268 0.025879 0.011068
0 0.138672 0.182617 0.010742 0.011068
0 0.145996 0.182943 0.018555 0.010417
0 0.347412 0.182292 0.010254 0.010000
0 0.385010 0.178060 0.010000 0.010000
0 0.470947 0.182617 0.010000 0.010000
0 0.553711 0.185221 0.014648 0.016276
0 0.593262 0.179688 0.010000 0.010000
0 0.265625 0.183919 0.010000 0.010000
0 0.270020 0.187500 0.010000 0.018229
0 0.445557 0.180664 0.010000 0.010000
0 0.820068 0.181641 0.010000 0.010000
0 0.473877 0.183919 0.010000 0.010000
0 0.503906 0.181315 0.010000 0.010000
0 0.528076 0.181966 0.013184 0.010000
0 0.891602 0.186523 0.015625 0.012370
0 0.504883 0.183268 0.010000 0.010000
0 0.755859 0.181966 0.010000 0.010000
0 0.767090 0.181966 0.010000 0.010000
0 0.900000 0.184570 0.010000 0.010000
0 0.100000 0.187826 0.010000 0.010000
0 0.196045 0.183919 0.013184 0.010000
0 0.240234 0.183268 0.012695 0.010000
0 0.511230 0.185547 0.020508 0.010000
0 0.746338 0.185221 0.010000 0.010000
0 0.840088 0.184570 0.010000 0.010000
0 0.347656 0.184896 0.010000 0.010000
0 0.505615 0.185547 0.010000 0.010000
0 0.535156 0.184896 0.016602 0.010000
0 0.641113 0.189779 0.010000 0.011068
0 0.100000 0.192383 0.010000 0.013672
0 0.493896 0.197591 0.025879 0.024089
0 0.714844 0.187826 0.010000 0.010000
0 0.741699 0.187826 0.010000 0.010000
0 0.874023 0.192057 0.013672 0.013021
0 0.900000 0.194336 0.010000 0.018880
0 0.423096 0.189453 0.010000 0.010000
0 0.426025 0.189779 0.010000 0.010000
0 0.430176 0.190755 0.010000 0.010000
0 0.535889 0.192708 0.019043 0.013021
0 0.591553 0.187826 0.010000 0.010000
0 0.100000 0.192057 0.010000 0.010000
0 0.100000 0.192383 0.010000 0.010000
0 0.412598 0.189128 0.010000 0.010000
0 0.434326 0.192057 0.010000 0.010000
0 0.504395 0.190430 0.010000 0.010000
0 0.515869 0.190755 0.010000 0.010000
0 0.526855 0.189779 0.010000 0.010000
0 0.647705 0.191081 0.013184 0.010000
0 0.760498 0.189453 0.010000 0.010000
0 0.100000 0.192708 0.026367 0.010000
0 0.297852 0.191081 0.010000 0.010000
0 0.411865 0.190755 0.010000 0.010000
0 0.450684 0.194010 0.010000 0.010000
0 0.465332 0.192383 0.010000 0.010000
0 0.538086 0.195638 0.018555 0.013672
0 0.620605 0.193359 0.010000 0.010000
0 0.668945 0.194336 0.010000 0.010000
0 0.446289 0.197591 0.011719 0.013672
0 0.503174 0.191732 0.010000 0.010000
0 0.538086 0.193685 0.010000 0.010000
0 0.870361 0.191406 0.010000 0.010000
0 0.100000 0.196289 0.010000 0.010000
0 0.100000 0.195312 0.010000 0.010000
0 0.278564 0.195312 0.010000 0.010000
0 0.412109 0.192708 0.010000 0.010000
0 0.501221 0.193359 0.010000 0.010000
0 0.849854 0.196615 0.010000 0.010000
0 0.858398 0.196615 0.010000 0.010000
0 0.371338 0.207682 0.025879 0.028646
0 0.399170 0.194336 0.012207 0.010000
0 0.447510 0.196615 0.010000 0.010000
0 0.597412 0.195638 0.010000 0.010000
0 0.616943 0.196940 0.010254 0.010000
0 0.763184 0.193685 0.010000 0.010000
0 0.800049 0.201172 0.010000 0.016927
0 0.900000 0.193685 0.010000 0.010000
0 0.100000 0.198242 0.010000 0.010000
0 0.102051 0.197266 0.010000 0.010000
0 0.501221 0.196940 0.010000 0.010000
0 0.697510 0.205078 0.031738 0.020833
0 0.100000 0.199870 0.012207 0.010000
0 0.100000 0.201823 0.010000 0.011719
0 0.403320 0.201823 0.027344 0.013021
0 0.600098 0.198893 0.010000 0.010000
0 0.603760 0.199870 0.010000 0.010000
0 0.802734 0.203451 0.010000 0.016276
0 0.100000 0.201497 0.010000 0.010000
0 0.809570 0.204427 0.011719 0.014323
0 0.826172 0.202799 0.010742 0.012370
0 0.357422 0.202148 0.017578 0.010000
0 0.527588 0.199870 0.010000 0.010000
0 0.100000 0.203125 0.010000 0.010000
0 0.100000 0.205078 0.011719 0.011719
0 0.544434 0.201823 0.011719 0.010000
0 0.549561 0.202148 0.010000 0.010000
0 0.605713 0.202474 0.010000 0.010000
0 0.687012 0.202474 0.010000 0.010000
0 0.844971 0.201823 0.010254 0.010000
0 0.100000 0.204427 0.015625 0.010000
0 0.100000 0.204753 0.010000 0.010000
0 0.140625 0.203451 0.010000 0.010000
0 0.320068 0.210286 0.031738 0.019531
0 0.332520 0.203451 0.010000 0.010000
0 0.566895 0.201823 0.010000 0.010000
0 0.779297 0.202148 0.010000 0.010000
0 0.791016 0.208659 0.010742 0.016276
0 0.834229 0.205729 0.010000 0.010000
0 0.900000 0.203125 0.010000 0.010000
0 0.542725 0.203451 0.010000 0.010000
0 0.549316 0.206706 0.010742 0.010000
0 0.612793 0.209635 0.010000 0.014323
0 0.747070 0.207031 0.010000 0.010000
0 0.780518 0.205404 0.010000 0.010000
0 0.793701 0.207357 0.010000 0.010000
0 0.135498 0.209310 0.010000 0.011068
0 0.306396 0.204102 0.010000 0.010000
0 0.308105 0.205729 0.010000 0.010000
0 0.672119 0.208008 0.013184 0.010000
0 0.711670 0.209961 0.010000 0.012370
0 0.811035 0.205078 0.010000 0.010000
0 0.125732 0.206380 0.010000 0.010000
0 0.131348 0.208333 0.010000 0.010000
0 0.352295 0.208333 0.010254 0.010000
0 0.471436 0.206706 0.010000 0.010000
0 0.500244 0.208333 0.010000 0.010000
0 0.568604 0.205729 0.010000 0.010000
0 0.583984 0.207031 0.010000 0.010000
0 0.782471 0.207682 0.010000 0.010000
0 0.786133 0.208659 0.010000 0.010000
0 0.900000 0.208659 0.010000 0.010000
0 0.664551 0.209635 0.010000 0.010000
0 0.721680 0.211589 0.017578 0.010417
0 0.753418 0.208333 0.012695 0.010000
0 0.572754 0.214193 0.010000 0.013021
0 0.575195 0.215169 0.011719 0.012370
0 0.581055 0.212565 0.010000 0.010000
0 0.725098 0.214518 0.015625 0.012370
0 0.900000 0.212891 0.011230 0.010000
0 0.331787 0.215820 0.010254 0.011068
0 0.467773 0.211589 0.010000 0.010000
0 0.574951 0.214844 0.010000 0.010000
0 0.756836 0.213542 0.010000 0.010000
0 0.316162 0.216797 0.027832 0.010417
0 0.372559 0.219076 0.010000 0.014974
0 0.465576 0.213867 0.010000 0.010000
0 0.511230 0.217773 0.013672 0.013672
0 0.518311 0.217448 0.010000 0.011719
0 0.678223 0.213216 0.010000 0.010000
0 0.444092 0.213867 0.010000 0.010000
0 0.574463 0.214844 0.010000 0.010000
0 0.314941 0.216471 0.010000 0.010000
0 0.346191 0.215169 0.010000 0.010000
0 0.447266 0.221354 0.017578 0.015625
0 0.463867 0.216146 0.010000 0.010000
0 0.520508 0.219076 0.010000 0.011068
0 0.711426 0.215820 0.010000 0.010000
0 0.612793 0.217773 0.010742 0.010000
0 0.634277 0.219401 0.010000 0.010000
0 0.292725 0.222982 0.018066 0.013672
0 0.511230 0.218424 0.010000 0.010000
0 0.522461 0.220378 0.010000 0.010000
0 0.864258 0.254232 0.067383 0.074870
0 0.880859 0.219727 0.010000 0.010000
0 0.429443 0.219076 0.010000 0.010000
0 0.439209 0.220378 0.010000 0.010000
0 0.442627 0.220703 0.011230 0.010000
0 0.900000 0.219076 0.010000 0.010000
0 0.237061 0.224284 0.019043 0.010000
0 0.299561 0.223633 0.010000 0.010000
0 0.500732 0.225586 0.010000 0.013672
0 0.875244 0.221354 0.010000 0.010000
0 0.218750 0.222331 0.012695 0.010000
0 0.224365 0.223958 0.010000 0.010000
0 0.228027 0.223958 0.010000 0.010000
0 0.240479 0.224935 0.020996 0.010000
0 0.552002 0.222005 0.010000 0.010000
0 0.277100 0.222982 0.010000 0.010000
0 0.870361 0.224609 0.010000 0.010000
0 0.900000 0.243490 0.051758 0.042969
0 0.900000 0.225586 0.019043 0.010000
0 0.237305 0.226888 0.010000 0.010000
0 0.358154 0.228190 0.010000 0.011068
0 0.399414 0.226562 0.016602 0.010000
0 0.552246 0.236328 0.013672 0.027344
0 0.733887 0.233398 0.010000 0.020182
0 0.408447 0.230794 0.042480 0.012370
0 0.524170 0.228516 0.010000 0.010000
0 0.693115 0.236979 0.030762 0.026042
0 0.726562 0.227214 0.010000 0.010000
0 0.820312 0.231445 0.010000 0.013672
0 0.206299 0.226888 0.010000 0.010000
0 0.251221 0.228516 0.010000 0.010000
0 0.266846 0.232747 0.028809 0.013672
0 0.319580 0.226562 0.010000 0.010000
0 0.354736 0.229818 0.010000 0.010000
0 0.480713 0.230794 0.010000 0.010000
0 0.483154 0.227865 0.010000 0.010000
0 0.526367 0.231445 0.010000 0.011068
0 0.647217 0.231771 0.015137 0.013021
0 0.656250 0.229818 0.015625 0.010000
0 0.670410 0.229492 0.010742 0.010000
0 0.900000 0.231771 0.019043 0.013021
0 0.347656 0.232096 0.010000 0.010000
0 0.480469 0.232422 0.010000 0.010417
0 0.527344 0.233073 0.010000 0.013021
0 0.795166 0.244466 0.029785 0.034505
0 0.207520 0.229167 0.010000 0.010000
0 0.323730 0.231445 0.010742 0.010000
0 0.332031 0.232096 0.010000 0.010000
0 0.756836 0.233724 0.010000 0.011719
0 0.775391 0.232422 0.012695 0.010000
0 0.806885 0.236979 0.012207 0.016927
0 0.174805 0.231120 0.010000 0.010000
0 0.470459 0.235026 0.010000 0.011719
0 0.476318 0.237630 0.012207 0.016927
0 0.900000 0.242513 0.025391 0.025391
0 0.207031 0.233073 0.010000 0.010000
0 0.302979 0.233398 0.010000 0.010000
0 0.589355 0.236328 0.019531 0.011719
0 0.816406 0.233724 0.010000 0.010000
0 0.174316 0.234049 0.010000 0.010000
0 0.416748 0.236979 0.018066 0.010417
0 0.476807 0.236979 0.010000 0.010417
0 0.576172 0.240560 0.010000 0.013672
0 0.600342 0.239909 0.014160 0.012370
0 0.697021 0.234701 0.010000 0.010000
0 0.824707 0.236979 0.010000 0.010000
0 0.825928 0.236979 0.010000 0.010000
0 0.827637 0.236654 0.010000 0.010000
0 0.140381 0.235352 0.011230 0.010000
0 0.218018 0.239258 0.012207 0.010000
0 0.334961 0.236979 0.010000 0.010000
0 0.514893 0.236003 0.010000 0.010000
0 0.569580 0.241536 0.013184 0.013021
0 0.900000 0.236328 0.010000 0.010000
0 0.178467 0.240560 0.017090 0.010000
0 0.251953 0.238607 0.010000 0.010000
0 0.440430 0.238281 0.010000 0.010000
0 0.466064 0.238281 0.010000 0.010000
0 0.486328 0.240885 0.010000 0.010000
0 0.145752 0.239258 0.010000 0.010000
0 0.437256 0.241536 0.011230 0.010000
0 0.544922 0.243164 0.010000 0.011068
0 0.607910 0.242839 0.010000 0.010417
0 0.900000 0.243490 0.010000 0.013021
0 0.127686 0.243164 0.019043 0.010000
0 0.154785 0.244141 0.010742 0.010417
0 0.203369 0.246419 0.014160 0.014974
0 0.233643 0.243164 0.013184 0.010000
0 0.371094 0.243815 0.010000 0.010000
0 0.473145 0.255534 0.030273 0.034505
0 0.532471 0.246419 0.014160 0.014974
0 0.558350 0.243815 0.010254 0.010000
0 0.569824 0.241536 0.010000 0.010000
0 0.601318 0.240560 0.010000 0.010000
0 0.611084 0.244141 0.010000 0.010417
0 0.100000 0.244792 0.010000 0.010417
0 0.100000 0.240560 0.010254 0.010000
0 0.233154 0.241536 0.010000 0.010000
0 0.365967 0.245117 0.010000 0.010000
0 0.415527 0.244792 0.010000 0.010417
0 0.625000 0.244792 0.010000 0.010000
0 0.900000 0.247396 0.010254 0.015625
0 0.100000 0.244466 0.010742 0.010000
0 0.111084 0.242188 0.010000 0.010000
0 0.307617 0.245768 0.013672 0.010000
0 0.436035 0.243815 0.010000 0.010000
0 0.630859 0.246094 0.010000 0.010417
0 0.707031 0.245443 0.020508 0.010000
0 0.100000 0.245443 0.010000 0.010000
0 0.100000 0.246419 0.010000 0.010000
0 0.100000 0.247396 0.016602 0.010417
0 0.366211 0.244792 0.010000 0.010000
0 0.620117 0.245117 0.010000 0.010000
0 0.678711 0.247070 0.013672 0.010000
0 0.892578 0.253906 0.017578 0.023438
0 0.100000 0.248698 0.012207 0.010000
0 0.451904 0.251302 0.010254 0.014323
0 0.188232 0.250326 0.010000 0.010000
0 0.220947 0.247070 0.010254 0.010000
0 0.746094 0.250326 0.010000 0.010000
0 0.776367 0.252279 0.010000 0.013672
0 0.792725 0.248372 0.010000 0.010000
0 0.100000 0.249349 0.010000 0.010000
0 0.319580 0.250977 0.010000 0.010000
0 0.395752 0.248372 0.010000 0.010000
0 0.539307 0.249023 0.010000 0.010000
0 0.651123 0.250977 0.010000 0.010000
0 0.672119 0.249349 0.010000 0.010000
0 0.677002 0.247070 0.010000 0.010000
0 0.769775 0.255534 0.015137 0.018880
0 0.892090 0.254557 0.010000 0.015625
0 0.110107 0.249674 0.010000 0.010000
0 0.281738 0.250651 0.010000 0.010000
0 0.569580 0.248698 0.010000 0.010000
0 0.449951 0.253581 0.010000 0.010000
0 0.100000 0.252604 0.010000 0.010000
0 0.818848 0.253906 0.010000 0.010000
0 0.109619 0.255534 0.010000 0.010000
0 0.322998 0.255208 0.010000 0.010000
0 0.818848 0.255859 0.010000 0.010000
0 0.171875 0.256185 0.010000 0.010000
0 0.292236 0.258464 0.014160 0.011719
0 0.341797 0.257487 0.010000 0.010000
0 0.396973 0.255208 0.010000 0.010000
0 0.447754 0.255859 0.010000 0.010000
0 0.818115 0.262695 0.015137 0.020182
0 0.154297 0.258464 0.010000 0.010000
0 0.100000 0.257161 0.010254 0.010000
0 0.502441 0.266276 0.015625 0.022135
0 0.515137 0.259766 0.010000 0.010000
0 0.135986 0.259440 0.010000 0.010000
0 0.511963 0.260742 0.010000 0.010000
0 0.596191 0.264323 0.035156 0.011719
0 0.457520 0.264648 0.010000 0.011068
0 0.577881 0.262695 0.010000 0.010000
0 0.100000 0.264648 0.010000 0.010000
0 0.399902 0.264323 0.010000 0.010000
0 0.403564 0.263997 0.010000 0.010000
0 0.406982 0.264323 0.010000 0.010000
0 0.412842 0.263672 0.010000 0.010000
0 0.419678 0.265299 0.010000 0.010000
0 0.433594 0.265299 0.010000 0.010000
0 0.510742 0.263997 0.010000 0.010000
0 0.617188 0.265625 0.020508 0.010000
0 0.227051 0.266927 0.010000 0.010000
0 0.240479 0.267904 0.020020 0.012370
0 0.394287 0.265951 0.010000 0.010000
0 0.493164 0.264648 0.010000 0.010000
0 0.454834 0.267578 0.010000 0.010000
0 0.768799 0.281576 0.014160 0.035807
0 0.860352 0.267578 0.010000 0.010000
0 0.370361 0.271159 0.030762 0.012370
0 0.634277 0.268880 0.023438 0.010000
0 0.772461 0.275065 0.010000 0.020182
0 0.100000 0.266927 0.021973 0.010000
0 0.352295 0.271159 0.010000 0.011068
0 0.392334 0.273112 0.010000 0.013672
0 0.697266 0.270508 0.010000 0.010000
0 0.710693 0.270833 0.010000 0.010000
0 0.715820 0.270508 0.010000 0.010000
0 0.719971 0.271484 0.010000 0.010417
0 0.100000 0.271484 0.016113 0.010000
0 0.699219 0.271810 0.010000 0.010000
0 0.677490 0.274740 0.010000 0.011719
0 0.680420 0.273763 0.010000 0.011068
0 0.702881 0.273763 0.010000 0.011068
0 0.706055 0.273112 0.010000 0.010000
0 0.725586 0.272461 0.010000 0.010000
0 0.660156 0.274089 0.010000 0.010000
0 0.669922 0.274740 0.014648 0.010417
0 0.763916 0.274414 0.010000 0.010000
0 0.100000 0.274089 0.010254 0.010000
0 0.461426 0.273112 0.010000 0.010000
0 0.738770 0.277344 0.010000 0.011719
0 0.746338 0.275065 0.010000 0.010000
0 0.753174 0.276042 0.010000 0.010417
0 0.858887 0.272786 0.010000 0.010000
0 0.670410 0.275065 0.010000 0.010000
0 0.801514 0.275716 0.010000 0.010000
0 0.900000 0.282227 0.044922 0.020182
0 0.194580 0.276367 0.010000 0.010000
0 0.283936 0.275391 0.010000 0.010000
0 0.451904 0.281901 0.010000 0.016927
0 0.804688 0.276693 0.010000 0.010000
0 0.154297 0.278971 0.010000 0.010000
0 0.449219 0.280599 0.010000 0.011719
0 0.650635 0.277018 0.014160 0.010000
0 0.216797 0.278320 0.010000 0.010000
0 0.100000 0.282227 0.010000 0.010000
0 0.121582 0.282552 0.011719 0.010417
0 0.429932 0.281901 0.010000 0.010000
0 0.511475 0.279948 0.010000 0.010000
0 0.804932 0.279948 0.010000 0.010000
0 0.900000 0.281250 0.010000 0.010000
0 0.900000 0.282227 0.010000 0.010000
0 0.900000 0.285807 0.021484 0.011719
0 0.900000 0.283854 0.014160 0.010000
0 0.333496 0.284831 0.010000 0.010000
0 0.389648 0.287109 0.010000 0.010417
0 0.522461 0.284505 0.010000 0.010000
0 0.900000 0.291341 0.031250 0.018880
0 0.100000 0.285156 0.010000 0.010000
0 0.100000 0.286133 0.010000 0.010000
0 0.100000 0.285807 0.010000 0.010000
0 0.103760 0.283854 0.010000 0.010000
0 0.299561 0.284505 0.010000 0.010000
0 0.328369 0.288411 0.011230 0.010417
0 0.420654 0.286133 0.010000 0.010000
0 0.434082 0.285482 0.010000 0.010000
0 0.520020 0.286133 0.010000 0.010000
0 0.730713 0.286133 0.010000 0.010000
0 0.900000 0.284180 0.010000 0.010000
0 0.100000 0.287435 0.010000 0.010000
0 0.314453 0.289062 0.010000 0.010417
0 0.355225 0.287760 0.010000 0.010000
0 0.408447 0.289062 0.010000 0.010000
0 0.414551 0.289714 0.010000 0.010417
0 0.538086 0.287109 0.010000 0.010000
0 0.544678 0.288411 0.011230 0.010000
0 0.581055 0.285156 0.010000 0.010000
0 0.367676 0.289714 0.011719 0.010000
0 0.400635 0.288411 0.010254 0.010000
0 0.583496 0.293620 0.010742 0.015625
0 0.697998 0.288411 0.010000 0.010000
0 0.702881 0.288411 0.010000 0.010000
0 0.727783 0.288086 0.010000 0.010000
0 0.100000 0.291341 0.010742 0.010000
0 0.472168 0.289062 0.010000 0.010000
0 0.550537 0.289062 0.010000 0.010000
0 0.726074 0.289714 0.010000 0.010000
0 0.520752 0.290365 0.010000 0.010000
0 0.621582 0.295247 0.010000 0.013672
0 0.112305 0.290365 0.014648 0.010000
0 0.296143 0.294922 0.010000 0.010417
0 0.434814 0.294922 0.010000 0.010417
0 0.472412 0.291341 0.010000 0.010000
0 0.552979 0.292318 0.010000 0.010000
0 0.583252 0.293294 0.010000 0.010000
0 0.615723 0.295247 0.012695 0.011068
0 0.654541 0.292643 0.014160 0.010000
0 0.812012 0.292969 0.010000 0.010000
0 0.850342 0.292643 0.010000 0.010000
0 0.478027 0.302409 0.028320 0.022786
0 0.598389 0.291992 0.010000 0.010000
0 0.607178 0.294596 0.010000 0.010000
0 0.852783 0.291992 0.010000 0.010000
0 0.900000 0.294271 0.015137 0.010000
0 0.195068 0.295898 0.010000 0.010000
0 0.566895 0.297526 0.010000 0.010417
0 0.615967 0.295247 0.010000 0.010000
0 0.214111 0.297526 0.010000 0.010000
0 0.571045 0.295898 0.010000 0.010000
0 0.100000 0.297526 0.013184 0.010000
0 0.100000 0.295898 0.010000 0.010000
0 0.100000 0.297526 0.010000 0.010000
0 0.345703 0.297852 0.010000 0.010000
0 0.556641 0.299805 0.010000 0.011068
0 0.877197 0.298177 0.010000 0.010000
0 0.174316 0.301107 0.012695 0.010000
0 0.302979 0.299154 0.010000 0.010000
0 0.411621 0.301758 0.018555 0.012370
0 0.434570 0.299154 0.010000 0.010000
0 0.562256 0.300456 0.010000 0.010000
0 0.419189 0.303711 0.010000 0.012370
0 0.769531 0.311849 0.012695 0.029948
0 0.900000 0.302409 0.019043 0.010000
0 0.900000 0.298177 0.010000 0.010000
0 0.165039 0.302083 0.010000 0.010000
0 0.245361 0.302409 0.010000 0.010000
0 0.335938 0.301432 0.010742 0.010000
0 0.870850 0.309570 0.026855 0.021484
0 0.900000 0.302409 0.010000 0.010000
0 0.900000 0.302083 0.015625 0.010000
0 0.306885 0.302083 0.010000 0.010000
0 0.378662 0.302083 0.010000 0.010000
0 0.435547 0.302083 0.010000 0.010000
0 0.584717 0.301432 0.011230 0.010000
0 0.598877 0.301432 0.010000 0.010000
0 0.890381 0.305339 0.029785 0.010417
0 0.900000 0.304688 0.010254 0.010000
0 0.900000 0.301758 0.010000 0.010000
0 0.900000 0.303711 0.026855 0.010000
0 0.100000 0.303711 0.012695 0.010000
0 0.153564 0.303060 0.010254 0.010000
0 0.421631 0.306641 0.012207 0.011719
0 0.272217 0.305013 0.010000 0.010000
0 0.334961 0.304688 0.010000 0.010000
0 0.348877 0.304036 0.010000 0.010000
0 0.437988 0.303711 0.010000 0.010000
0 0.508545 0.305990 0.012207 0.010000
0 0.516846 0.306966 0.010000 0.010000
0 0.266357 0.308594 0.037598 0.010000
0 0.313477 0.305013 0.018555 0.010000
0 0.378174 0.305664 0.015137 0.010000
0 0.520752 0.308594 0.010000 0.010000
0 0.543945 0.307617 0.010000 0.010000
0 0.896484 0.305664 0.010000 0.010000
0 0.358398 0.307617 0.013672 0.010000
0 0.480469 0.306315 0.010000 0.010000
0 0.492676 0.308919 0.010000 0.010000
0 0.503662 0.308268 0.010000 0.010000
0 0.533691 0.307943 0.012695 0.010000
0 0.288574 0.308919 0.016602 0.010000
0 0.497559 0.309570 0.010000 0.010000
0 0.831787 0.319336 0.049316 0.025391
0 0.448486 0.311523 0.010000 0.010000
0 0.750488 0.312826 0.010000 0.010000
0 0.112305 0.311523 0.010000 0.010000
0 0.448486 0.314779 0.010000 0.010000
0 0.751709 0.315104 0.010000 0.010000
0 0.115723 0.314779 0.010000 0.010000
0 0.236572 0.313151 0.010000 0.010000
0 0.752930 0.315104 0.010000 0.010000
0 0.856934 0.314128 0.010000 0.010000
0 0.890869 0.311849 0.010000 0.010000
0 0.100000 0.315755 0.010000 0.010000
0 0.221436 0.313802 0.010254 0.010000
0 0.754883 0.316406 0.010000 0.010000
0 0.762939 0.317383 0.012207 0.010000
0 0.900000 0.317708 0.010000 0.010000
0 0.756104 0.317057 0.010000 0.010000
0 0.871826 0.319336 0.016113 0.011068
0 0.106201 0.318359 0.010000 0.010000
0 0.136230 0.320964 0.010742 0.011719
0 0.900000 0.319987 0.012207 0.010000
0 0.900000 0.319010 0.010000 0.010000
0 0.762695 0.320964 0.010000 0.010000
0 0.900000 0.321940 0.010000 0.011068
0 0.100000 0.322917 0.015625 0.010000
0 0.160156 0.321615 0.010000 0.010000
0 0.900000 0.322591 0.015625 0.010000
0 0.145752 0.323568 0.010000 0.010000
0 0.872559 0.323893 0.010000 0.010000
0 0.900000 0.323893 0.010000 0.010000
0 0.100000 0.325521 0.010000 0.010417
0 0.697510 0.323242 0.010000 0.010000
0 0.717285 0.323242 0.014648 0.010000
0 0.843262 0.322266 0.010000 0.010000
0 0.555420 0.325846 0.010000 0.010000
0 0.900000 0.326497 0.017578 0.010000
0 0.900000 0.326497 0.010000 0.010000
0 0.561523 0.326823 0.010000 0.010000
0 0.697266 0.328776 0.014648 0.010417
0 0.717773 0.325521 0.010000 0.010000
0 0.900000 0.323568 0.010000 0.010000
0 0.190674 0.330078 0.010000 0.010417
0 0.566162 0.328451 0.010000 0.010000
0 0.698486 0.329427 0.010254 0.010000
0 0.793945 0.326823 0.020508 0.010000
0 0.100000 0.332682 0.011719 0.010417
0 0.672852 0.330404 0.013672 0.010000
0 0.780762 0.328451 0.010000 0.010000
0 0.796875 0.335612 0.035156 0.016276
0 0.216309 0.333333 0.010000 0.010417
0 0.675781 0.333333 0.014648 0.010000
0 0.220459 0.333333 0.010000 0.010000
0 0.533691 0.333659 0.010742 0.010000
0 0.568359 0.330729 0.010000 0.010000
0 0.700195 0.332357 0.010000 0.010000
0 0.813232 0.332031 0.014160 0.010000
0 0.282227 0.337891 0.010000 0.010000
0 0.789551 0.339518 0.010000 0.010000
0 0.100000 0.340169 0.010000 0.010000
0 0.482666 0.339844 0.010000 0.010000
0 0.253174 0.344076 0.014160 0.010000
0 0.268799 0.341471 0.012207 0.010000
0 0.738525 0.345052 0.018066 0.011719
0 0.900000 0.341797 0.010000 0.010000
0 0.900000 0.340169 0.012207 0.010000
0 0.900000 0.341471 0.010000 0.010000
0 0.465332 0.341471 0.010000 0.010000
0 0.482666 0.342773 0.010254 0.010000
0 0.700439 0.342122 0.010000 0.010000
0 0.732178 0.343750 0.010000 0.010000
0 0.767334 0.343424 0.013184 0.010000
0 0.466309 0.344401 0.010000 0.010000
0 0.480957 0.345703 0.010000 0.010000
0 0.713379 0.345378 0.010000 0.010000
0 0.719727 0.344727 0.010000 0.010000
0 0.743164 0.345052 0.010742 0.010000
0 0.900000 0.344727 0.010000 0.010000
0 0.177002 0.346029 0.014160 0.010000
0 0.395264 0.345052 0.013184 0.010000
0 0.855957 0.344076 0.010000 0.010000
0 0.900000 0.347331 0.019043 0.010000
0 0.144775 0.345703 0.010000 0.010000
0 0.230225 0.348958 0.024902 0.010417
0 0.442871 0.347656 0.010000 0.010000
0 0.808838 0.347005 0.010000 0.010000
0 0.871826 0.347005 0.010000 0.010000
0 0.900000 0.349935 0.010254 0.011068
0 0.456787 0.350911 0.025879 0.011719
0 0.499512 0.347005 0.013672 0.010000
0 0.856934 0.350586 0.024414 0.011068
0 0.896729 0.349935 0.010000 0.010000
0 0.900000 0.350586 0.010000 0.011068
0 0.323730 0.352214 0.021484 0.011719
0 0.345459 0.351562 0.010000 0.010000
0 0.353027 0.351888 0.017578 0.010000
0 0.887207 0.350586 0.019531 0.010000
0 0.236816 0.349284 0.010000 0.010000
0 0.498047 0.349284 0.011719 0.010000
0 0.885986 0.353190 0.015137 0.010000
0 0.900000 0.352539 0.010000 0.010000
0 0.810547 0.351237 0.010000 0.010000
0 0.860840 0.351562 0.010000 0.010000
0 0.113770 0.352865 0.010000 0.010000
0 0.200928 0.355794 0.016113 0.010000
0 0.289551 0.354818 0.010000 0.010000
0 0.302979 0.350911 0.011230 0.010000
0 0.421875 0.352865 0.010000 0.010000
0 0.882568 0.354818 0.012207 0.010000
0 0.900000 0.355143 0.010000 0.010000
0 0.515625 0.353190 0.010000 0.010000
0 0.728516 0.356771 0.010000 0.010417
0 0.776611 0.355794 0.010000 0.010000
0 0.275879 0.358398 0.010000 0.010000
0 0.429932 0.361654 0.014160 0.014974
0 0.518066 0.361979 0.017578 0.014323
0 0.474121 0.360026 0.010000 0.010000
0 0.900000 0.357422 0.010000 0.010000
0 0.212891 0.360677 0.010000 0.010000
0 0.412842 0.360677 0.010000 0.010000
0 0.442139 0.359049 0.010000 0.010000
0 0.489258 0.362305 0.010000 0.011068
0 0.596680 0.359375 0.010000 0.010000
0 0.900000 0.362305 0.010000 0.011068
0 0.176758 0.361979 0.010000 0.010000
0 0.430420 0.362305 0.010000 0.010000
0 0.535645 0.360677 0.010000 0.010000
0 0.644775 0.362305 0.021973 0.010000
0 0.669678 0.359701 0.017090 0.010000
0 0.166748 0.361979 0.010000 0.010000
0 0.399414 0.364909 0.010000 0.010000
0 0.460938 0.361328 0.010000 0.010000
0 0.501709 0.364583 0.010000 0.010417
0 0.533447 0.362956 0.010000 0.010000
0 0.606445 0.364909 0.010000 0.011068
0 0.611816 0.365560 0.010000 0.011068
0 0.633301 0.364909 0.010000 0.010000
0 0.528564 0.364909 0.010000 0.010000
0 0.620850 0.365560 0.020996 0.010000
0 0.759521 0.365234 0.010000 0.010000
0 0.900000 0.365560 0.010000 0.010000
0 0.385742 0.366536 0.010000 0.010000
0 0.161865 0.370117 0.011230 0.011068
0 0.370361 0.370768 0.012207 0.012370
0 0.390381 0.365234 0.010000 0.010000
0 0.687500 0.368815 0.010000 0.010000
0 0.693115 0.369792 0.010000 0.010000
0 0.837158 0.367513 0.010000 0.010000
0 0.591553 0.369141 0.010000 0.010000
0 0.865967 0.370117 0.010000 0.010000
0 0.900000 0.367513 0.010000 0.010000
0 0.360352 0.372070 0.010000 0.010000
0 0.893311 0.370117 0.010000 0.010000
0 0.338379 0.376628 0.017578 0.014974
0 0.356689 0.373047 0.010000 0.010000
0 0.587158 0.372721 0.010000 0.010000
0 0.698975 0.371745 0.010000 0.010000
0 0.126221 0.375977 0.020020 0.011068
0 0.143799 0.376628 0.012207 0.013672
0 0.323242 0.376302 0.010000 0.011719
0 0.585205 0.376302 0.010000 0.010000
0 0.702637 0.373698 0.010000 0.010000
0 0.100000 0.379557 0.016602 0.014323
0 0.503174 0.373698 0.010000 0.010000
0 0.706787 0.376953 0.010000 0.010000
0 0.100000 0.377930 0.010000 0.010000
0 0.100342 0.377930 0.010000 0.010000
0 0.112305 0.375326 0.010000 0.010000
0 0.304199 0.379557 0.016602 0.011719
0 0.820312 0.376953 0.010000 0.010000
0 0.343750 0.379557 0.010000 0.010000
0 0.542969 0.379232 0.010000 0.010000
0 0.718506 0.376953 0.010000 0.010000
0 0.100000 0.379883 0.010000 0.010000
0 0.100000 0.380859 0.012207 0.010000
0 0.278809 0.378255 0.010000 0.010000
0 0.566406 0.381185 0.016602 0.010000
0 0.577881 0.382487 0.010000 0.011068
0 0.100000 0.381836 0.020020 0.010000
0 0.550293 0.382161 0.010000 0.010000
0 0.721680 0.379883 0.010000 0.010000
0 0.100000 0.382812 0.010000 0.010000
0 0.900000 0.387695 0.023926 0.017578
0 0.424561 0.383464 0.010000 0.010000
0 0.900000 0.386393 0.011719 0.012370
0 0.900000 0.384440 0.010000 0.010000
0 0.284912 0.386719 0.010000 0.010417
0 0.731201 0.384766 0.010000 0.010000
0 0.755127 0.385091 0.010000 0.010000
0 0.676758 0.385091 0.010000 0.010000
0 0.264160 0.388346 0.010000 0.010000
0 0.773682 0.388997 0.011230 0.010000
0 0.834473 0.390625 0.010000 0.010000
0 0.758057 0.389323 0.010000 0.010000
0 0.824951 0.392253 0.010000 0.010000
0 0.828613 0.391602 0.010000 0.010000
0 0.256592 0.392253 0.014160 0.010000
0 0.871826 0.394206 0.017090 0.011068
0 0.237793 0.391276 0.010000 0.010000
0 0.776367 0.393555 0.010000 0.010000
0 0.819580 0.396484 0.010000 0.013021
0 0.808350 0.397135 0.018066 0.011719
0 0.863037 0.393555 0.010000 0.010000
0 0.858643 0.395833 0.010000 0.010000
0 0.900000 0.399089 0.010000 0.013021
0 0.528076 0.395182 0.010000 0.010000
0 0.214355 0.400065 0.016602 0.010000
0 0.623779 0.397461 0.016113 0.010000
0 0.899658 0.400716 0.010000 0.011068
0 0.900000 0.400391 0.017090 0.010417
0 0.890869 0.400716 0.015137 0.010000
0 0.900000 0.400716 0.011230 0.010000
0 0.301270 0.401367 0.010000 0.010000
0 0.627686 0.399740 0.010000 0.010000
0 0.455811 0.401367 0.014160 0.010000
0 0.531250 0.400065 0.010000 0.010000
0 0.632080 0.401693 0.010000 0.010000
0 0.636230 0.402669 0.010000 0.010000
0 0.649658 0.403646 0.024902 0.010000
0 0.855225 0.403971 0.010000 0.011068
0 0.900000 0.402995 0.010000 0.010000
0 0.900000 0.402995 0.010000 0.010000
0 0.515137 0.401042 0.010000 0.010000
0 0.656738 0.402344 0.010000 0.010000
0 0.701416 0.401367 0.010000 0.010000
0 0.742676 0.402669 0.010000 0.010000
0 0.893066 0.400391 0.010000 0.010000
0 0.423828 0.402669 0.010000 0.010000
0 0.460205 0.404622 0.015137 0.010000
0 0.750488 0.406576 0.012695 0.011068
0 0.195801 0.404948 0.010000 0.010000
0 0.229736 0.405924 0.010000 0.010000
0 0.296631 0.404297 0.010000 0.010000
0 0.665283 0.405273 0.020996 0.010000
0 0.308838 0.416341 0.011230 0.024089
0 0.422119 0.406250 0.010000 0.010000
0 0.840088 0.413737 0.012207 0.018880
0 0.380371 0.406250 0.010000 0.010000
0 0.662598 0.408854 0.010000 0.010000
0 0.750732 0.406901 0.010000 0.010000
0 0.757324 0.409180 0.010000 0.010000
0 0.193848 0.409505 0.010000 0.010000
0 0.397705 0.409180 0.010000 0.010000
0 0.608887 0.408854 0.012695 0.010000
0 0.406250 0.416016 0.015625 0.016927
0 0.539307 0.412435 0.010000 0.010000
0 0.582031 0.410807 0.018555 0.010000
0 0.783936 0.413411 0.010000 0.010417
0 0.787109 0.413086 0.010000 0.011068
0 0.793213 0.412435 0.011230 0.010000
0 0.152344 0.412760 0.018555 0.010000
0 0.173584 0.417318 0.016113 0.015625
0 0.380615 0.411784 0.010000 0.010000
0 0.423584 0.411458 0.010000 0.010000
0 0.603271 0.411784 0.010000 0.010000
0 0.900000 0.409831 0.010000 0.010000
0 0.900000 0.414062 0.010000 0.010000
0 0.310547 0.418294 0.010000 0.014974
0 0.719238 0.413737 0.012695 0.010000
0 0.366211 0.417318 0.010000 0.011719
0 0.265869 0.414062 0.010000 0.010000
0 0.285645 0.420573 0.010000 0.015625
0 0.507812 0.419271 0.010000 0.010417
0 0.565186 0.419596 0.010000 0.011068
0 0.576660 0.416341 0.010000 0.010000
0 0.147949 0.429688 0.011719 0.027344
0 0.251465 0.418294 0.010000 0.010000
0 0.320557 0.419922 0.010000 0.010000
0 0.374268 0.421549 0.010000 0.011068
0 0.384766 0.420898 0.010000 0.011068
0 0.552246 0.420898 0.010000 0.011068
0 0.596436 0.416992 0.010000 0.010000
0 0.819092 0.421224 0.010254 0.010417
0 0.826660 0.418945 0.010000 0.010000
0 0.900000 0.434570 0.058105 0.037109
0 0.117920 0.419596 0.010000 0.010000
0 0.343018 0.422852 0.010000 0.011068
0 0.528564 0.419596 0.020020 0.010000
0 0.663086 0.422852 0.019531 0.011068
0 0.730713 0.419596 0.010000 0.010000
0 0.283691 0.424805 0.010000 0.012370
0 0.697754 0.425781 0.019531 0.015625
0 0.712891 0.419922 0.010000 0.010000
0 0.900000 0.418945 0.010000 0.010000
0 0.114258 0.423828 0.010000 0.010000
0 0.327881 0.422201 0.010000 0.010000
0 0.354004 0.422852 0.010000 0.010000
0 0.422119 0.424154 0.010000 0.010000
0 0.447510 0.421549 0.011230 0.010000
0 0.475342 0.423177 0.032715 0.010000
0 0.505371 0.423503 0.015625 0.010000
0 0.701904 0.425456 0.021973 0.011068
0 0.864502 0.425781 0.010000 0.013021
0 0.645508 0.423503 0.010000 0.010000
0 0.655029 0.424805 0.010000 0.010000
0 0.730225 0.423503 0.010000 0.010000
0 0.745361 0.422526 0.010000 0.010000
0 0.100000 0.423828 0.010000 0.010000
0 0.335938 0.425456 0.010000 0.010000
0 0.640869 0.423503 0.010000 0.010000
0 0.846436 0.464518 0.190918 0.085286
0 0.153809 0.429688 0.014648 0.013021
0 0.178955 0.431966 0.051270 0.017578
0 0.281494 0.428711 0.010000 0.010000
0 0.100000 0.427409 0.012207 0.010000
0 0.633057 0.427734 0.010000 0.010000
0 0.900000 0.431315 0.010000 0.010000
0 0.900000 0.427409 0.010000 0.010000
0 0.100000 0.432943 0.015625 0.010417
0 0.100000 0.428711 0.010000 0.010000
0 0.100000 0.428060 0.010000 0.010000
0 0.249756 0.429688 0.010000 0.010000
0 0.100000 0.433268 0.021484 0.010000
0 0.814941 0.430013 0.010000 0.010000
0 0.100000 0.433268 0.010000 0.010000
0 0.812988 0.432617 0.012695 0.010000
0 0.894775 0.432943 0.010000 0.010000
0 0.224121 0.435221 0.010000 0.010000
0 0.521240 0.541341 0.148926 0.220703
0 0.695557 0.432943 0.015137 0.010000
0 0.138428 0.439779 0.010000 0.014974
0 0.712646 0.434570 0.010000 0.010000
0 0.126953 0.442708 0.010742 0.016927
0 0.100000 0.438477 0.010000 0.010000
0 0.628418 0.436849 0.010000 0.010000
0 0.702881 0.485352 0.183105 0.099609
0 0.734863 0.438802 0.010000 0.010000
0 0.889160 0.441081 0.010000 0.011068
0 0.900000 0.439128 0.010000 0.010000
0 0.463379 0.442383 0.010000 0.011068
0 0.600342 0.438802 0.010000 0.010000
0 0.750732 0.443034 0.010000 0.012370
0 0.100000 0.442383 0.012695 0.010000
0 0.677490 0.442383 0.010000 0.010000
0 0.478271 0.443359 0.010000 0.010000
0 0.607422 0.442383 0.010000 0.010000
0 0.761719 0.441406 0.010000 0.010000
0 0.885742 0.444336 0.016602 0.011068
0 0.469238 0.444010 0.010000 0.010000
0 0.550293 0.448242 0.010000 0.014974
0 0.556885 0.449219 0.010000 0.016927
0 0.737793 0.443359 0.010000 0.010000
0 0.100000 0.443034 0.010000 0.010000
0 0.110596 0.449219 0.010000 0.014323
0 0.551514 0.446615 0.010000 0.010417
0 0.578613 0.445638 0.010742 0.010000
0 0.746094 0.446615 0.010000 0.010417
0 0.744873 0.448242 0.010000 0.011068
0 0.563232 0.446615 0.010000 0.010000
0 0.423096 0.449544 0.010000 0.010000
0 0.900000 0.447917 0.010000 0.010000
0 0.100000 0.451172 0.010000 0.010000
0 0.100000 0.450195 0.010000 0.010000
0 0.100000 0.453451 0.028809 0.010000
0 0.213867 0.453776 0.013672 0.010000
0 0.900000 0.450521 0.010000 0.010000
0 0.100000 0.453776 0.011230 0.010000
0 0.100000 0.454102 0.010000 0.010000
0 0.100000 0.452799 0.010000 0.010000
0 0.762207 0.452799 0.010000 0.010000
0 0.900000 0.452474 0.010000 0.010000
0 0.152100 0.455078 0.010000 0.010000
0 0.100000 0.454753 0.010000 0.010000
0 0.100000 0.456380 0.010254 0.010000
0 0.146973 0.457682 0.010000 0.010000
0 0.166504 0.459310 0.034180 0.011068
0 0.184082 0.463542 0.012695 0.019531
0 0.186523 0.456706 0.012695 0.010000
0 0.900000 0.455729 0.010000 0.010000
0 0.100000 0.457357 0.010000 0.010000
0 0.191162 0.457031 0.010000 0.010000
0 0.887939 0.458008 0.010000 0.010000
0 0.151855 0.460938 0.010000 0.010417
0 0.162354 0.458333 0.010000 0.010000
0 0.100000 0.458659 0.014648 0.010000
0 0.100000 0.459310 0.010000 0.010000
0 0.100586 0.458659 0.010000 0.010000
0 0.900000 0.459635 0.010000 0.010000
0 0.100000 0.460938 0.013184 0.010000
0 0.100000 0.462240 0.021973 0.010000
0 0.863281 0.502604 0.027344 0.084635
0 0.177979 0.466471 0.011230 0.011068
0 0.188232 0.467448 0.010254 0.013021
0 0.192871 0.467448 0.010742 0.011719
0 0.305420 0.463542 0.010254 0.010000
0 0.100000 0.476562 0.057617 0.027344
0 0.100000 0.462891 0.011230 0.010000
0 0.202393 0.466797 0.020020 0.010000
0 0.318115 0.464193 0.010254 0.010000
0 0.563965 0.464844 0.010000 0.010000
0 0.623535 0.469401 0.011719 0.010417
0 0.100000 0.467773 0.010000 0.010000
0 0.299072 0.467122 0.010000 0.010000
0 0.614746 0.470378 0.019531 0.011068
0 0.700195 0.473307 0.017578 0.015625
0 0.100000 0.467773 0.012207 0.010000
0 0.100000 0.468750 0.014160 0.010000
0 0.133789 0.468750 0.010000 0.010000
0 0.100000 0.477214 0.018555 0.019531
0 0.425781 0.489909 0.034180 0.044922
0 0.450195 0.470703 0.010000 0.010000
0 0.900000 0.529297 0.076660 0.122396
0 0.900000 0.468750 0.010000 0.010000
0 0.164795 0.470378 0.014160 0.010000
0 0.268555 0.475260 0.010000 0.011719
0 0.283203 0.472331 0.010742 0.010000
0 0.448486 0.471354 0.010000 0.010000
0 0.600586 0.473958 0.018555 0.010417
0 0.760010 0.469727 0.010000 0.010000
0 0.139893 0.472982 0.010000 0.010000
0 0.143066 0.474609 0.011719 0.010000
0 0.239990 0.475260 0.014160 0.010417
0 0.444580 0.471680 0.010000 0.010000
0 0.691162 0.473633 0.010000 0.010000
0 0.124268 0.530599 0.111816 0.118490
0 0.259766 0.476888 0.012695 0.010000
0 0.809570 0.475260 0.010000 0.010000
0 0.217773 0.477214 0.010000 0.010000
0 0.223145 0.477214 0.010742 0.010000
0 0.230957 0.476888 0.010000 0.010000
0 0.887939 0.479492 0.010000 0.012370
0 0.900000 0.475586 0.010000 0.010000
0 0.124756 0.476888 0.016113 0.010000
0 0.130371 0.475911 0.010742 0.010000
0 0.208740 0.490885 0.030762 0.032552
0 0.215332 0.478516 0.012695 0.010000
0 0.240479 0.475260 0.010000 0.010000
0 0.439941 0.481445 0.010000 0.014974
0 0.461426 0.476562 0.010000 0.010000
0 0.713867 0.477539 0.010000 0.010000
0 0.177002 0.477539 0.010000 0.010000
0 0.278564 0.478190 0.010000 0.010000
0 0.813721 0.480143 0.010000 0.010000
0 0.900000 0.478190 0.010000 0.010000
0 0.182129 0.481771 0.010000 0.010417
0 0.185059 0.481445 0.010000 0.010000
0 0.187988 0.481445 0.010000 0.010000
0 0.191162 0.480794 0.010000 0.010000
0 0.193359 0.481445 0.010000 0.010000
0 0.345703 0.480794 0.010000 0.010000
0 0.411133 0.483724 0.021484 0.014323
0 0.444580 0.481120 0.010000 0.010000
0 0.900000 0.479167 0.010000 0.010000
0 0.604980 0.485352 0.023438 0.014974
0 0.900000 0.480143 0.010000 0.010000
0 0.100000 0.485677 0.010254 0.011719
0 0.350586 0.481445 0.010000 0.010000
0 0.394775 0.487956 0.015137 0.017578
0 0.900000 0.482422 0.013672 0.010000
0 0.317871 0.496745 0.031250 0.031250
0 0.785156 0.482422 0.010000 0.010000
0 0.900000 0.483724 0.010000 0.010000
0 0.322510 0.490234 0.014160 0.014323
0 0.301758 0.486328 0.010000 0.010000
0 0.334961 0.491211 0.010000 0.012370
0 0.374756 0.487630 0.010254 0.010000
0 0.900000 0.488932 0.010000 0.010000
0 0.100000 0.488607 0.010000 0.010000
0 0.267578 0.502604 0.080078 0.032552
0 0.289307 0.491211 0.011230 0.011068
0 0.326416 0.490885 0.011230 0.010417
0 0.900000 0.492513 0.010000 0.012370
0 0.289795 0.490885 0.010000 0.010000
0 0.393311 0.494466 0.010254 0.014974
0 0.258545 0.496419 0.025879 0.012370
0 0.304443 0.491862 0.018066 0.010000
0 0.505127 0.492513 0.010000 0.010000
0 0.638916 0.492188 0.010000 0.010000
0 0.653076 0.512370 0.024902 0.045573
0 0.789551 0.490560 0.010000 0.010000
0 0.100000 0.494141 0.010000 0.010000
0 0.184326 0.496419 0.013184 0.010000
0 0.191406 0.502604 0.025391 0.022135
0 0.241943 0.496094 0.010000 0.010417
0 0.351562 0.495443 0.010000 0.010000
0 0.260254 0.496745 0.018555 0.010000
0 0.283203 0.495117 0.010000 0.010000
0 0.637939 0.494141 0.010000 0.010000
0 0.100000 0.495443 0.010000 0.010000
0 0.206299 0.496745 0.010000 0.010000
0 0.686035 0.496094 0.010000 0.010000
0 0.100000 0.498047 0.010000 0.010000
0 0.354736 0.515951 0.116699 0.041016
0 0.876221 0.504883 0.010000 0.020182
0 0.461914 0.497396 0.010000 0.010000
0 0.688232 0.498047 0.010000 0.010000
0 0.692871 0.500651 0.010000 0.010000
0 0.900000 0.497070 0.010000 0.010000
0 0.306885 0.498698 0.012207 0.010000
0 0.898193 0.506185 0.017090 0.017578
0 0.900000 0.535482 0.024902 0.076172
0 0.100000 0.500977 0.010000 0.010000
0 0.131836 0.508138 0.012695 0.018880
0 0.608887 0.532227 0.033203 0.067057
0 0.900000 0.504557 0.010000 0.010417
0 0.507080 0.501628 0.010000 0.010000
0 0.492920 0.521484 0.057129 0.040365
0 0.436768 0.512044 0.012207 0.017578
0 0.452881 0.516602 0.010000 0.026693
0 0.667236 0.508464 0.010000 0.011719
0 0.516357 0.512695 0.010000 0.013672
0 0.784668 0.549805 0.065430 0.087891
0 0.412109 0.510742 0.010000 0.010000
0 0.493408 0.509766 0.010000 0.010000
0 0.100000 0.516276 0.018066 0.015625
0 0.367920 0.511719 0.010000 0.010000
0 0.781494 0.514323 0.010000 0.010000
0 0.783936 0.514323 0.010000 0.010000
0 0.873047 0.513021 0.010000 0.010000
0 0.785645 0.515625 0.010000 0.010000
0 0.871338 0.513997 0.010000 0.010000
0 0.100000 0.522135 0.018066 0.018229
0 0.100000 0.513997 0.010000 0.010000
0 0.698975 0.514323 0.010000 0.010000
0 0.824707 0.520182 0.011719 0.013021
0 0.900000 0.516276 0.010000 0.010000
0 0.100000 0.524414 0.019531 0.016276
0 0.432861 0.519531 0.010000 0.010000
0 0.697998 0.518880 0.010000 0.010000
0 0.701172 0.518229 0.010000 0.010000
0 0.758789 0.517578 0.010000 0.010000
0 0.432129 0.520833 0.010000 0.010000
0 0.900000 0.538086 0.031250 0.039714
0 0.422119 0.534505 0.023926 0.028646
0 0.639893 0.523438 0.010000 0.010000
0 0.699951 0.523763 0.010000 0.010000
0 0.890381 0.525065 0.010000 0.010000
0 0.130371 0.538411 0.026367 0.029948
0 0.141113 0.524740 0.010000 0.010000
0 0.827637 0.525716 0.010000 0.010000
0 0.843018 0.534180 0.024902 0.020182
0 0.601318 0.525391 0.010000 0.010000
0 0.699463 0.529622 0.010000 0.010000
0 0.801514 0.527344 0.010000 0.010000
0 0.217773 0.527344 0.010000 0.010000
0 0.100000 0.554362 0.047852 0.052734
0 0.286377 0.617188 0.157715 0.179688
0 0.173828 0.530599 0.010000 0.010000
0 0.401123 0.530273 0.010000 0.010000
0 0.512695 0.530599 0.010000 0.010000
0 0.803467 0.531250 0.010000 0.010000
0 0.174805 0.534505 0.010000 0.010000
0 0.702637 0.536133 0.010000 0.011068
0 0.833496 0.534831 0.010000 0.010000
0 0.665283 0.533854 0.010000 0.010000
0 0.181396 0.536784 0.010000 0.010000
0 0.649658 0.571940 0.031738 0.074870
0 0.654541 0.534831 0.010000 0.010000
0 0.698242 0.535156 0.010000 0.010000
0 0.753418 0.536133 0.010000 0.010000
0 0.760986 0.535807 0.010000 0.010000
0 0.863037 0.537760 0.010000 0.010000
0 0.445068 0.538086 0.010000 0.010000
0 0.500732 0.537109 0.010000 0.010000
0 0.521729 0.543294 0.012207 0.014974
0 0.191406 0.547852 0.013672 0.016276
0 0.707031 0.595052 0.046875 0.111979
0 0.544189 0.545247 0.010000 0.010000
0 0.737793 0.554036 0.013672 0.024740
0 0.141113 0.549805 0.010000 0.012370
0 0.223389 0.563802 0.042480 0.041667
0 0.302734 0.548177 0.010000 0.010000
0 0.247314 0.545898 0.010000 0.010000
0 0.459961 0.561849 0.023438 0.031250
0 0.597412 0.551758 0.010000 0.012370
0 0.116455 0.548828 0.010000 0.010000
0 0.348877 0.553385 0.010000 0.011719
0 0.419189 0.583659 0.080566 0.072266
0 0.293701 0.552083 0.010000 0.010000
0 0.294678 0.551107 0.010000 0.010000
0 0.296387 0.550781 0.010000 0.010000
0 0.297119 0.549805 0.010000 0.010000
0 0.882568 0.552409 0.010000 0.010000
0 0.148193 0.557617 0.013184 0.014974
0 0.193359 0.552083 0.010000 0.010000
0 0.392822 0.553060 0.010000 0.010000
0 0.593018 0.556641 0.010000 0.010417
0 0.306885 0.553060 0.010000 0.010000
0 0.385010 0.563151 0.012207 0.020833
0 0.501221 0.557943 0.010000 0.011719
0 0.604980 0.556315 0.010000 0.010000
0 0.100000 0.555013 0.010000 0.010000
0 0.885742 0.559245 0.010000 0.010417
0 0.875244 0.556966 0.010000 0.010000
0 0.685791 0.560872 0.010000 0.010000
0 0.759033 0.558268 0.010000 0.010000
0 0.900000 0.559570 0.010000 0.010000
0 0.502686 0.561198 0.010000 0.010000
0 0.540771 0.642904 0.172363 0.168620
0 0.245117 0.568359 0.010000 0.015625
0 0.336182 0.565104 0.010000 0.010000
0 0.577881 0.561849 0.010000 0.010000
0 0.154785 0.563802 0.010000 0.010000
0 0.198975 0.565430 0.010000 0.010000
0 0.425781 0.562500 0.010000 0.010000
0 0.575439 0.566406 0.013184 0.010417
0 0.889160 0.564779 0.010000 0.010000
0 0.172607 0.581706 0.024902 0.038411
0 0.431396 0.569661 0.016113 0.011719
0 0.488281 0.571289 0.010000 0.014974
0 0.628662 0.564779 0.010000 0.010000
0 0.158203 0.567708 0.010000 0.010000
0 0.355713 0.577799 0.015137 0.024089
0 0.567871 0.569010 0.010000 0.010000
0 0.438965 0.570638 0.010000 0.010000
0 0.440674 0.570638 0.010000 0.010000
0 0.760742 0.570312 0.010000 0.010000
0 0.874023 0.568685 0.010000 0.010000
0 0.424561 0.571940 0.010000 0.010000
0 0.576904 0.570964 0.010000 0.010000
0 0.874512 0.570312 0.010000 0.010000
0 0.875244 0.571615 0.010000 0.010000
0 0.900000 0.574544 0.010000 0.011068
0 0.100000 0.575521 0.010000 0.010417
0 0.100000 0.572591 0.010000 0.010000
0 0.144287 0.573893 0.010000 0.010000
0 0.508789 0.576172 0.010000 0.010417
0 0.771973 0.571615 0.010000 0.010000
0 0.900000 0.577799 0.012207 0.013672
0 0.900000 0.574870 0.010000 0.010000
0 0.146484 0.574219 0.010000 0.010000
0 0.422119 0.574544 0.010000 0.010000
0 0.624512 0.572591 0.010000 0.010000
0 0.815918 0.573242 0.010000 0.010000
0 0.816650 0.574544 0.010000 0.010000
0 0.875488 0.573893 0.010000 0.010000
0 0.900000 0.576497 0.010000 0.010000
0 0.148438 0.574544 0.010000 0.010000
0 0.420898 0.575195 0.010000 0.010000
0 0.464355 0.574219 0.010000 0.010000
0 0.819824 0.597982 0.024414 0.048828
0 0.127930 0.645182 0.174805 0.140625
0 0.373047 0.577799 0.010000 0.010000
0 0.376709 0.576497 0.010000 0.010000
0 0.455078 0.576823 0.010000 0.010000
0 0.875000 0.576172 0.010000 0.010000
0 0.900000 0.578125 0.010000 0.010000
0 0.900000 0.578776 0.010000 0.010000
0 0.366455 0.608398 0.018066 0.065755
0 0.470703 0.589193 0.019531 0.023438
0 0.873779 0.580404 0.010000 0.010000
0 0.100000 0.589193 0.011719 0.018229
0 0.161621 0.588867 0.015625 0.017578
0 0.267090 0.591797 0.019531 0.024740
0 0.890381 0.583333 0.010000 0.010000
0 0.100000 0.582357 0.010000 0.010000
0 0.233887 0.583008 0.010000 0.010000
0 0.803223 0.581706 0.010000 0.010000
0 0.148193 0.600586 0.016113 0.037109
0 0.204346 0.586589 0.010000 0.010000
0 0.766357 0.583984 0.010000 0.010000
0 0.102539 0.589844 0.010000 0.010000
0 0.770996 0.589193 0.011719 0.010000
0 0.203369 0.588867 0.010000 0.010000
0 0.100000 0.590820 0.010000 0.010000
0 0.277100 0.589844 0.010000 0.010000
0 0.100000 0.591797 0.010000 0.010000
0 0.805420 0.591471 0.010000 0.010000
0 0.900000 0.593099 0.010000 0.010000
0 0.460693 0.596354 0.010000 0.010000
0 0.728760 0.624349 0.054199 0.063802
0 0.742920 0.594076 0.010000 0.010000
0 0.876465 0.594401 0.010000 0.010000
0 0.900000 0.595378 0.010000 0.010000
0 0.900000 0.612630 0.044434 0.037760
0 0.472412 0.598958 0.010000 0.010000
0 0.876221 0.596680 0.010000 0.010000
0 0.155518 0.602214 0.010000 0.010000
0 0.591309 0.599284 0.010000 0.010000
0 0.871338 0.606771 0.014160 0.018229
0 0.109863 0.606445 0.010000 0.014974
0 0.839355 0.605143 0.012695 0.011068
0 0.900000 0.602214 0.010000 0.010000
0 0.100000 0.604167 0.010000 0.010000
0 0.626953 0.606120 0.010000 0.010000
0 0.843018 0.603841 0.010000 0.010000
0 0.900000 0.604167 0.010000 0.010000
0 0.628906 0.607096 0.010000 0.010000
0 0.707764 0.608398 0.010254 0.010000
0 0.900000 0.611003 0.028320 0.016276
0 0.900000 0.605143 0.010000 0.010000
0 0.100000 0.607096 0.010742 0.010000
0 0.100000 0.606120 0.010000 0.010000
0 0.309082 0.610677 0.021484 0.013021
0 0.900000 0.609049 0.020508 0.010000
0 0.114746 0.609375 0.010000 0.010000
0 0.249023 0.607096 0.010000 0.010000
0 0.701416 0.614258 0.010000 0.017578
0 0.302002 0.612956 0.014160 0.011068
0 0.795898 0.612630 0.010000 0.010417
0 0.132568 0.609701 0.010000 0.010000
0 0.100000 0.611979 0.010000 0.010000
0 0.586182 0.613281 0.012207 0.010000
0 0.864014 0.612305 0.010000 0.010000
0 0.900000 0.614583 0.010000 0.010417
0 0.900000 0.613607 0.010000 0.010000
0 0.100000 0.617513 0.010000 0.013672
0 0.131104 0.616536 0.013184 0.011719
0 0.704102 0.614909 0.010000 0.010000
0 0.100000 0.613281 0.010000 0.010000
0 0.796631 0.618490 0.010000 0.011719
0 0.813477 0.614909 0.010000 0.010000
0 0.100000 0.618815 0.010000 0.010000
0 0.123047 0.617188 0.010000 0.010000
0 0.127197 0.617188 0.010000 0.010000
0 0.100000 0.616536 0.010000 0.010000
0 0.304932 0.618164 0.010000 0.010000
0 0.796875 0.621419 0.010000 0.012370
0 0.100000 0.646159 0.035645 0.060547
0 0.660400 0.617839 0.010000 0.010000
0 0.100000 0.618490 0.010000 0.010000
0 0.900000 0.632487 0.066406 0.029297
0 0.100000 0.622721 0.010000 0.010000
0 0.660400 0.620117 0.010000 0.010000
0 0.100000 0.621745 0.010000 0.010000
0 0.434814 0.626628 0.010000 0.012370
0 0.659424 0.621419 0.010000 0.010000
0 0.799805 0.623372 0.010000 0.010000
0 0.100000 0.623047 0.010000 0.010000
0 0.451416 0.623372 0.010000 0.010000
0 0.900000 0.627930 0.012207 0.013672
0 0.100000 0.624674 0.010000 0.010000
0 0.175537 0.624349 0.010000 0.010000
0 0.861816 0.642904 0.121094 0.041016
0 0.285156 0.627930 0.010000 0.010000
0 0.451416 0.625326 0.010000 0.010000
0 0.100000 0.641602 0.014648 0.033203
0 0.100000 0.631510 0.010000 0.011719
0 0.412598 0.627604 0.010000 0.010000
0 0.709717 0.633138 0.010000 0.016276
0 0.354004 0.638997 0.010742 0.025391
0 0.512451 0.636393 0.010000 0.017578
0 0.169922 0.633789 0.010000 0.010000
0 0.655762 0.630534 0.010000 0.010000
0 0.706787 0.633464 0.010000 0.010000
0 0.100000 0.635091 0.010000 0.010000
0 0.655273 0.633464 0.010000 0.010000
0 0.711914 0.636719 0.010000 0.013021
0 0.463867 0.633789 0.010000 0.010000
0 0.699219 0.635091 0.010000 0.010000
0 0.100000 0.638021 0.010000 0.010000
0 0.100000 0.637370 0.010000 0.010000
0 0.462158 0.634766 0.010000 0.010000
0 0.360840 0.646159 0.010000 0.022786
0 0.453857 0.641927 0.018066 0.014323
0 0.654297 0.636719 0.010000 0.010000
0 0.461670 0.636719 0.010000 0.010000
0 0.355225 0.640299 0.010000 0.010000
0 0.433594 0.649089 0.019531 0.023438
0 0.594238 0.644857 0.010000 0.014974
0 0.599365 0.642253 0.010000 0.011068
0 0.654541 0.638997 0.010000 0.010000
0 0.100000 0.643229 0.010000 0.010000
0 0.172119 0.641276 0.010000 0.010000
0 0.486816 0.640625 0.010000 0.010000
0 0.604248 0.647135 0.012207 0.014323
0 0.189453 0.642904 0.010000 0.010000
0 0.194092 0.643880 0.010000 0.010000
0 0.657471 0.641602 0.010000 0.010000
0 0.100000 0.649740 0.010000 0.015625
0 0.335693 0.648112 0.010000 0.012370
0 0.483643 0.643555 0.010000 0.010000
0 0.604492 0.646484 0.010000 0.010000
0 0.637695 0.646484 0.010000 0.010000
0 0.685547 0.646484 0.010000 0.010000
0 0.514648 0.644206 0.010000 0.010000
0 0.659424 0.644206 0.010000 0.010000
0 0.336914 0.650391 0.010000 0.010417
0 0.408447 0.657227 0.016113 0.025391
0 0.409668 0.646484 0.010000 0.010000
0 0.765625 0.648763 0.014648 0.010000
0 0.264160 0.652995 0.010000 0.013021
0 0.339844 0.650716 0.010000 0.010000
0 0.619629 0.659831 0.017578 0.027995
0 0.629395 0.649414 0.010000 0.010000
0 0.634521 0.652669 0.010000 0.013672
0 0.636475 0.650391 0.010000 0.010000
0 0.661377 0.648438 0.010000 0.010000
0 0.719971 0.649414 0.010000 0.010000
0 0.900000 0.649740 0.034668 0.010000
0 0.298584 0.650065 0.013184 0.010000
0 0.375000 0.668945 0.022461 0.043620
0 0.365479 0.656576 0.010000 0.014974
0 0.474854 0.650716 0.010000 0.010000
0 0.663086 0.661458 0.010742 0.026042
0 0.767334 0.651367 0.010000 0.010000
0 0.862793 0.654622 0.031250 0.011068
0 0.415283 0.654948 0.010000 0.010000
0 0.469727 0.653320 0.010000 0.010000
0 0.606445 0.657878 0.013672 0.016276
0 0.722900 0.652344 0.010000 0.010000
0 0.100000 0.669922 0.020508 0.036458
0 0.599854 0.659180 0.010000 0.016276
0 0.770264 0.652995 0.010000 0.010000
0 0.828125 0.658529 0.013672 0.013672
0 0.844238 0.655924 0.021484 0.010000
0 0.856201 0.657552 0.016113 0.013021
0 0.416748 0.655273 0.010000 0.010000
0 0.809082 0.658854 0.015625 0.013021
0 0.824951 0.659505 0.010000 0.011719
0 0.839111 0.660156 0.010000 0.013021
0 0.468750 0.660156 0.010742 0.010417
0 0.786377 0.672201 0.074707 0.034505
0 0.446533 0.658203 0.010000 0.010000
0 0.606445 0.659505 0.010000 0.010000
0 0.634521 0.659831 0.010000 0.010000
0 0.100000 0.674479 0.010000 0.032552
0 0.597168 0.663411 0.010000 0.010417
0 0.100000 0.666016 0.010000 0.013021
0 0.158447 0.665690 0.010000 0.012370
0 0.284912 0.667643 0.010000 0.016276
0 0.447266 0.665690 0.010000 0.012370
0 0.464111 0.662109 0.010000 0.010000
0 0.810547 0.665690 0.012695 0.012370
0 0.593750 0.666341 0.010000 0.011068
0 0.595947 0.665690 0.010000 0.010000
0 0.635498 0.664714 0.010000 0.010000
0 0.685059 0.664714 0.010000 0.010000
0 0.588135 0.667969 0.010000 0.011719
0 0.100000 0.669596 0.010000 0.011068
0 0.416992 0.667643 0.010000 0.010000
0 0.589111 0.668620 0.010000 0.010000
0 0.591309 0.668620 0.010000 0.010000
0 0.658691 0.666667 0.010000 0.010000
0 0.687012 0.667318 0.010000 0.010000
0 0.788086 0.668945 0.012695 0.010000
0 0.781494 0.672852 0.038574 0.014974
0 0.843994 0.668620 0.010000 0.010000
0 0.383545 0.669922 0.010000 0.010000
0 0.401855 0.670573 0.010742 0.010000
0 0.272705 0.672852 0.010000 0.010000
0 0.402100 0.672201 0.013184 0.010000
0 0.419922 0.673503 0.010000 0.010000
0 0.636230 0.670247 0.010000 0.010000
0 0.264160 0.672526 0.010000 0.010000
0 0.276855 0.674154 0.010000 0.010000
0 0.100000 0.676758 0.010000 0.012370
0 0.214600 0.671549 0.010000 0.010000
0 0.124512 0.679362 0.010000 0.014974
0 0.403320 0.675130 0.011719 0.010000
0 0.407227 0.675456 0.010000 0.010000
0 0.739746 0.673828 0.010000 0.010000
0 0.758545 0.675781 0.011230 0.010000
0 0.769531 0.673828 0.010000 0.010000
0 0.899414 0.676758 0.010000 0.010000
0 0.116455 0.677734 0.010000 0.010000
0 0.250000 0.678060 0.010000 0.010000
0 0.411621 0.679362 0.010000 0.011068
0 0.421143 0.677083 0.010000 0.010000
0 0.502686 0.674805 0.010000 0.010000
0 0.741211 0.677734 0.030273 0.010000
0 0.129639 0.679688 0.010000 0.010417
0 0.729248 0.678060 0.012207 0.010000
0 0.738525 0.676758 0.012207 0.010000
0 0.755127 0.677409 0.013184 0.010000
0 0.763916 0.676432 0.010000 0.010000
0 0.874268 0.677734 0.010000 0.010000
0 0.877930 0.677083 0.010000 0.010000
0 0.100000 0.678060 0.010000 0.010000
0 0.131592 0.680013 0.010000 0.010000
0 0.149902 0.679688 0.010000 0.010000
0 0.467285 0.683268 0.014648 0.014974
0 0.565674 0.677734 0.010000 0.010000
0 0.671387 0.689779 0.073242 0.027995
0 0.723389 0.680664 0.010000 0.010000
0 0.880615 0.678711 0.010000 0.010000
0 0.111572 0.684245 0.010000 0.013021
0 0.251465 0.680990 0.010000 0.010000
0 0.718750 0.680339 0.010000 0.010000
0 0.811035 0.680339 0.010000 0.010000
0 0.715576 0.680990 0.010000 0.010000
0 0.885010 0.681966 0.010000 0.010000
0 0.100000 0.692057 0.014160 0.023438
0 0.100000 0.683268 0.010000 0.010000
0 0.189697 0.680664 0.010000 0.010000
0 0.686035 0.681966 0.010000 0.010000
0 0.712646 0.681641 0.010000 0.010000
0 0.207520 0.683919 0.010000 0.010000
0 0.454102 0.689779 0.017578 0.017578
0 0.686279 0.683919 0.010000 0.010000
0 0.710693 0.682943 0.011230 0.010000
0 0.731445 0.684896 0.026367 0.010000
0 0.100000 0.685547 0.010000 0.010000
0 0.149414 0.688151 0.010000 0.011719
0 0.422119 0.686198 0.010000 0.010000
0 0.436279 0.692057 0.023926 0.019531
0 0.460449 0.684896 0.010000 0.010000
0 0.675293 0.688477 0.029297 0.012370
0 0.705566 0.683919 0.010000 0.010000
0 0.626221 0.689128 0.010000 0.010000
0 0.635254 0.687826 0.010000 0.010000
0 0.704590 0.685547 0.010000 0.010000
0 0.745361 0.687500 0.048340 0.010000
0 0.809326 0.690755 0.010000 0.013021
0 0.100000 0.686198 0.010000 0.010000
0 0.423340 0.688151 0.010000 0.010000
0 0.428467 0.690104 0.010000 0.010000
0 0.112061 0.690430 0.010000 0.010000
0 0.670654 0.688477 0.010000 0.010000
0 0.100000 0.702474 0.031738 0.029948
0 0.245605 0.695638 0.017578 0.014974
0 0.256348 0.691732 0.010000 0.010000
0 0.601074 0.692057 0.014648 0.010000
0 0.729736 0.691081 0.010000 0.010000
0 0.738037 0.689779 0.010000 0.010000
0 0.100000 0.691406 0.010000 0.010000
0 0.100000 0.690104 0.010000 0.010000
0 0.100000 0.692708 0.010000 0.010000
0 0.245117 0.694661 0.011719 0.010417
0 0.704834 0.694336 0.020996 0.010000
0 0.575684 0.695312 0.025391 0.010417
0 0.759521 0.691406 0.010000 0.010000
0 0.386230 0.697917 0.011719 0.010417
0 0.836670 0.703451 0.015137 0.020182
0 0.392334 0.698568 0.016113 0.010000
0 0.543945 0.696615 0.016602 0.010000
0 0.689453 0.697266 0.010000 0.010000
0 0.815186 0.697917 0.010000 0.010000
0 0.832764 0.707031 0.012207 0.024740
0 0.100000 0.698242 0.010000 0.010000
0 0.320557 0.699544 0.010000 0.010000
0 0.819092 0.702474 0.010000 0.014323
0 0.827393 0.700521 0.010000 0.010000
0 0.274902 0.699544 0.010000 0.010000
0 0.325928 0.700521 0.010000 0.010000
0 0.343262 0.700195 0.010000 0.010000
0 0.347900 0.699870 0.010000 0.010000
0 0.397705 0.699544 0.010000 0.010000
0 0.794189 0.698568 0.010000 0.010000
0 0.822998 0.699219 0.010000 0.010000
0 0.338379 0.701172 0.010000 0.010000
0 0.353027 0.700521 0.010000 0.010000
0 0.406250 0.703776 0.016602 0.010000
0 0.660400 0.703776 0.010254 0.010000
0 0.405762 0.705404 0.010000 0.010000
0 0.140869 0.705404 0.010000 0.010000
0 0.138428 0.702474 0.010000 0.010000
0 0.143799 0.704427 0.010000 0.010000
0 0.421143 0.707031 0.028809 0.010000
0 0.845947 0.708984 0.015137 0.013021
0 0.849854 0.707682 0.017090 0.010417
0 0.852783 0.702799 0.017090 0.010000
0 0.867188 0.704102 0.010000 0.010000
0 0.134521 0.705729 0.010000 0.010000
0 0.135986 0.704427 0.010000 0.010000
0 0.857178 0.708008 0.021973 0.010000
0 0.879883 0.709310 0.010000 0.011068
0 0.900000 0.708008 0.010000 0.010000
0 0.131836 0.707682 0.010000 0.010000
0 0.391357 0.707357 0.010000 0.010000
0 0.418457 0.708659 0.012695 0.010000
0 0.900000 0.710938 0.010000 0.011719
0 0.140869 0.707357 0.010000 0.010000
0 0.469971 0.706706 0.010000 0.010000
0 0.744873 0.708333 0.010000 0.010000
0 0.900000 0.710612 0.010000 0.010000
0 0.496582 0.713867 0.040039 0.013672
0 0.126953 0.721680 0.095703 0.025391
0 0.450928 0.710938 0.010000 0.010000
0 0.451172 0.711914 0.010000 0.010000
0 0.520508 0.713542 0.010000 0.010417
0 0.552490 0.713542 0.010000 0.010417
0 0.579102 0.710612 0.010000 0.010000
0 0.710693 0.711914 0.010000 0.010000
0 0.454346 0.712891 0.010000 0.010000
0 0.458984 0.712891 0.010000 0.010000
0 0.543457 0.714518 0.010000 0.010000
0 0.568359 0.710938 0.010000 0.010000
0 0.629883 0.713542 0.015625 0.010000
0 0.665039 0.711914 0.010000 0.010000
0 0.802002 0.712891 0.012207 0.010000
0 0.822021 0.711914 0.010000 0.010000
0 0.893555 0.712565 0.010000 0.010000
0 0.900000 0.714518 0.010000 0.010000
0 0.100000 0.714518 0.010000 0.010000
0 0.100000 0.714518 0.010000 0.010000
0 0.209961 0.712891 0.010000 0.010000
0 0.537842 0.713867 0.010000 0.010000
0 0.560547 0.715169 0.010000 0.010000
0 0.206055 0.720052 0.024414 0.015625
0 0.601807 0.714518 0.010000 0.010000
0 0.743896 0.714193 0.010000 0.010000
0 0.900000 0.717448 0.010000 0.010000
0 0.217041 0.719401 0.010000 0.010000
0 0.239258 0.719727 0.010000 0.010000
0 0.731934 0.717773 0.010000 0.010000
0 0.100000 0.722982 0.010254 0.010000
0 0.460449 0.722331 0.014648 0.010000
0 0.781494 0.718424 0.010000 0.010000
0 0.100000 0.722982 0.010000 0.010000
0 0.100000 0.729492 0.074219 0.020182
0 0.197998 0.727539 0.025879 0.014974
0 0.456787 0.722656 0.010000 0.010000
0 0.100000 0.722656 0.010000 0.010000
0 0.147217 0.723633 0.010000 0.010000
0 0.900000 0.725260 0.010000 0.010000
0 0.189209 0.727865 0.010000 0.010417
0 0.204834 0.725260 0.010000 0.010000
0 0.900000 0.724609 0.010000 0.010000
0 0.221924 0.727865 0.010000 0.010000
0 0.229004 0.728516 0.010000 0.010000
0 0.255371 0.728841 0.010000 0.010000
0 0.900000 0.728516 0.010000 0.010000
0 0.424805 0.729492 0.010000 0.010000
0 0.431396 0.733073 0.010000 0.011719
0 0.438965 0.733073 0.016602 0.011719
0 0.100000 0.731445 0.010000 0.010000
0 0.100000 0.731120 0.010000 0.010000
0 0.100000 0.730794 0.010000 0.010000
0 0.100000 0.730469 0.010000 0.010000
0 0.130859 0.732747 0.027344 0.010000
0 0.427246 0.730794 0.010000 0.010000
0 0.168457 0.733073 0.010742 0.010000
0 0.173828 0.731120 0.010000 0.010000
0 0.382812 0.733073 0.010000 0.010000
0 0.273438 0.734049 0.010000 0.010000
0 0.284912 0.737956 0.013184 0.014974
0 0.295898 0.736654 0.010000 0.011068
0 0.300537 0.732747 0.010000 0.010000
0 0.711670 0.734049 0.015137 0.010000
0 0.100000 0.733073 0.010000 0.010000
0 0.100000 0.739583 0.018066 0.014323
0 0.244141 0.737956 0.013672 0.011068
0 0.281982 0.736979 0.010000 0.010417
0 0.384277 0.735026 0.010000 0.010000
0 0.398438 0.735677 0.010000 0.010000
0 0.490479 0.735677 0.010000 0.010000
0 0.513428 0.736654 0.010000 0.010000
0 0.769531 0.734049 0.010000 0.010000
0 0.100000 0.740560 0.021973 0.014974
0 0.100000 0.739258 0.015625 0.012370
0 0.172363 0.739909 0.015625 0.012370
0 0.188477 0.736003 0.010000 0.010000
0 0.386475 0.738281 0.010000 0.010000
0 0.439209 0.737956 0.010000 0.010000
0 0.374512 0.742839 0.010000 0.016927
0 0.100000 0.741536 0.042969 0.010417
0 0.138672 0.737956 0.010000 0.010000
0 0.220215 0.743164 0.010000 0.013672
0 0.260742 0.738932 0.010000 0.010000
0 0.360107 0.739258 0.010000 0.010000
0 0.100000 0.741862 0.011230 0.010000
0 0.327637 0.744466 0.010000 0.013672
0 0.401367 0.741211 0.010000 0.010000
0 0.156006 0.742513 0.010000 0.010000
0 0.163818 0.742839 0.010000 0.010000
0 0.216309 0.743164 0.010000 0.010000
0 0.265869 0.741862 0.010000 0.010000
0 0.345947 0.744466 0.010000 0.012370
0 0.361328 0.743490 0.010000 0.010000
0 0.549561 0.741862 0.010000 0.010000
0 0.553711 0.743164 0.010000 0.010000
0 0.194336 0.743815 0.010000 0.010000
0 0.207275 0.744466 0.010000 0.010000
0 0.331299 0.746094 0.010000 0.011719
0 0.349854 0.744466 0.010000 0.010000
0 0.703613 0.740560 0.010000 0.010000
0 0.744873 0.743164 0.018066 0.010000
0 0.900000 0.745117 0.010000 0.011068
0 0.299561 0.743815 0.010000 0.010000
0 0.363525 0.745443 0.010000 0.010000
0 0.367676 0.747070 0.010000 0.012370
1 0.409912 0.830404 0.158691 0.177734
0 0.857666 0.744792 0.010000 0.010000
0 0.892578 0.748047 0.010000 0.010417
0 0.100000 0.746094 0.010000 0.010000
0 0.113281 0.745768 0.014648 0.010000
0 0.268555 0.746745 0.010000 0.010000
0 0.299805 0.749023 0.010000 0.010000
0 0.437500 0.748372 0.010000 0.010000
0 0.450439 0.748372 0.010000 0.010000
0 0.900000 0.749674 0.010000 0.010000
0 0.900000 0.749023 0.010000 0.010000
0 0.829102 0.752279 0.010000 0.010000
0 0.900000 0.751628 0.010000 0.010000
0 0.186523 0.749674 0.010000 0.010000
0 0.437500 0.750977 0.012695 0.010000
0 0.809570 0.750000 0.010000 0.010000
0 0.282471 0.752604 0.010000 0.010000
0 0.730469 0.752930 0.010000 0.010000
0 0.790771 0.753255 0.010000 0.010000
0 0.188965 0.754557 0.010000 0.010000
0 0.273438 0.753906 0.010000 0.010000
0 0.288574 0.755208 0.010000 0.010000
0 0.476807 0.756185 0.010000 0.010000
0 0.270996 0.761068 0.010000 0.011719
0 0.502930 0.758789 0.010000 0.010000
0 0.693115 0.759766 0.010254 0.010000
0 0.260010 0.762695 0.010000 0.010000
0 0.291260 0.758789 0.010000 0.010000
0 0.680176 0.760417 0.010742 0.010000
0 0.248291 0.763672 0.012207 0.010000
0 0.151123 0.763346 0.010000 0.010000
0 0.292236 0.764648 0.010000 0.010000
0 0.662109 0.762695 0.010000 0.010000
0 0.892334 0.762695 0.010000 0.010000
0 0.234619 0.766602 0.011230 0.010000
0 0.340088 0.767578 0.010000 0.010417
0 0.479004 0.768880 0.010000 0.013021
0 0.563965 0.765299 0.010000 0.010000
0 0.138916 0.765625 0.016113 0.010000
0 0.343262 0.766927 0.010000 0.010000
0 0.666260 0.766927 0.010000 0.010000
0 0.166260 0.769206 0.021973 0.010000
0 0.900000 0.771159 0.010000 0.010000
0 0.302734 0.770833 0.010000 0.010000
0 0.282959 0.775716 0.020996 0.014974
0 0.462646 0.772135 0.010000 0.010000
0 0.467041 0.773112 0.010000 0.010000
0 0.708496 0.770508 0.010000 0.010000
0 0.318604 0.771159 0.010000 0.010000
0 0.396729 0.770182 0.010000 0.010000
0 0.900000 0.776042 0.010000 0.010417
0 0.295654 0.777669 0.010000 0.010000
0 0.578613 0.773438 0.010000 0.010000
0 0.781982 0.774414 0.010000 0.010000
0 0.846191 0.775065 0.010000 0.010000
0 0.269043 0.777669 0.010000 0.010000
0 0.272949 0.778320 0.010000 0.010000
0 0.259766 0.777018 0.010000 0.010000
0 0.581787 0.776367 0.010000 0.010000
0 0.598877 0.777018 0.010000 0.010000
0 0.585205 0.778646 0.010000 0.010000
0 0.444824 0.781250 0.010000 0.010000
0 0.593750 0.780273 0.010000 0.010000
0 0.858398 0.782227 0.010000 0.010000
0 0.188232 0.784831 0.013184 0.010000
0 0.193115 0.786784 0.032715 0.010000
0 0.209961 0.787760 0.010000 0.010000
0 0.283447 0.786133 0.011230 0.010000
0 0.324707 0.791341 0.010000 0.011068
0 0.408691 0.787109 0.010000 0.010000
0 0.215820 0.789388 0.010000 0.010000
0 0.328125 0.791341 0.010000 0.010000
0 0.900000 0.790365 0.010000 0.010000
0 0.310547 0.792643 0.010000 0.010000
0 0.319824 0.793620 0.010000 0.010417
0 0.219727 0.791341 0.011719 0.010000
0 0.240967 0.791016 0.010000 0.010000
0 0.315918 0.794596 0.010000 0.010000
0 0.900000 0.795247 0.018066 0.011068
0 0.228027 0.791667 0.010000 0.010000
0 0.248779 0.792643 0.010000 0.010000
0 0.402344 0.794922 0.010000 0.010000
0 0.900000 0.796549 0.010000 0.010000
0 0.100000 0.796224 0.010000 0.010000
0 0.870117 0.797852 0.011719 0.010000
0 0.884521 0.801107 0.013184 0.010000
0 0.900000 0.801107 0.010000 0.010000
0 0.100000 0.803385 0.010000 0.010000
0 0.475342 0.809896 0.010000 0.010417
0 0.141113 0.807617 0.010742 0.010000
0 0.320068 0.815755 0.010000 0.010000
0 0.843262 0.813477 0.010000 0.010000
0 0.308350 0.817708 0.010000 0.010000
0 0.326904 0.816406 0.010000 0.010000
0 0.900000 0.814453 0.010000 0.010000
0 0.654541 0.817708 0.012207 0.010000
0 0.146240 0.900000 0.176270 0.182292
0 0.900000 0.821289 0.010000 0.010000
0 0.367188 0.820638 0.010000 0.010000
0 0.635010 0.823568 0.010000 0.010000
0 0.674805 0.822266 0.010000 0.010000
0 0.379639 0.822917 0.010000 0.010000
0 0.730469 0.822917 0.010000 0.010000
0 0.336670 0.825521 0.010000 0.010000
0 0.552734 0.827474 0.010000 0.010000
0 0.548828 0.827474 0.010000 0.010000
0 0.528320 0.829102 0.010000 0.010000
0 0.666748 0.826172 0.010000 0.010000
0 0.541260 0.831055 0.010000 0.010000
0 0.698730 0.831706 0.010000 0.010000
0 0.713623 0.828451 0.010000 0.010000
0 0.578857 0.830729 0.010000 0.010000
0 0.234375 0.833333 0.010000 0.010000
0 0.627930 0.835612 0.010000 0.011068
0 0.749268 0.831706 0.010000 0.010000
0 0.881348 0.832031 0.010000 0.010000
0 0.265869 0.833659 0.017090 0.010000
0 0.608154 0.835612 0.010000 0.010000
0 0.818115 0.834310 0.010000 0.010000
0 0.900000 0.831706 0.010000 0.010000
0 0.100000 0.837891 0.010254 0.010417
0 0.112549 0.835286 0.012207 0.010000
0 0.724854 0.836589 0.010000 0.010000
0 0.100000 0.836589 0.010000 0.010000
0 0.585205 0.835938 0.010000 0.010000
0 0.146484 0.845052 0.020508 0.019531
0 0.262695 0.836263 0.010000 0.010000
0 0.284668 0.836589 0.010000 0.010000
0 0.900000 0.837240 0.010000 0.010000
0 0.100000 0.838542 0.010000 0.010000
0 0.117432 0.842773 0.011230 0.012370
0 0.137207 0.841797 0.012695 0.011719
0 0.239502 0.838867 0.010000 0.010000
0 0.790527 0.849609 0.044922 0.026042
0 0.100000 0.839518 0.010000 0.010000
0 0.100000 0.840169 0.010000 0.010000
0 0.100000 0.840495 0.010000 0.010000
0 0.100000 0.843750 0.022949 0.011719
0 0.100000 0.842122 0.020020 0.010000
0 0.143555 0.844727 0.015625 0.013672
0 0.238281 0.840495 0.010742 0.010000
0 0.639404 0.839518 0.010000 0.010000
0 0.845703 0.841146 0.010000 0.010000
0 0.867676 0.842773 0.010000 0.010000
0 0.100000 0.843424 0.011230 0.010000
0 0.128174 0.845378 0.010000 0.010000
0 0.226074 0.842122 0.010000 0.010000
0 0.900000 0.842448 0.010000 0.010000
0 0.107910 0.846029 0.013672 0.010000
0 0.222900 0.849935 0.013184 0.016276
0 0.742432 0.844076 0.010000 0.010000
0 0.239990 0.844401 0.010000 0.010000
0 0.349365 0.846354 0.014160 0.010000
0 0.670654 0.847331 0.010000 0.010000
0 0.296143 0.849935 0.010000 0.011068
0 0.222900 0.850586 0.010000 0.010000
0 0.276611 0.850260 0.010000 0.010000
0 0.303955 0.851562 0.010000 0.010000
0 0.288086 0.851237 0.010000 0.010000
0 0.349121 0.849609 0.010000 0.010000
0 0.900000 0.851562 0.010000 0.010000
0 0.900000 0.850911 0.010000 0.010000
0 0.127441 0.851237 0.010000 0.010000
0 0.249756 0.852539 0.011230 0.010000
0 0.611816 0.852214 0.010000 0.010000
0 0.766602 0.852539 0.010000 0.010000
0 0.900000 0.852539 0.010000 0.010000
0 0.317383 0.854818 0.010000 0.010000
0 0.333984 0.857096 0.010000 0.012370
0 0.701904 0.853190 0.010000 0.010000
0 0.717285 0.856445 0.010000 0.010000
0 0.328369 0.857747 0.010000 0.010000
0 0.664307 0.854167 0.010254 0.010000
0 0.344727 0.860677 0.010000 0.011719
0 0.244873 0.862305 0.010000 0.012370
0 0.250732 0.859701 0.010000 0.010000
0 0.498291 0.860026 0.010000 0.010000
0 0.503662 0.861003 0.010000 0.010000
0 0.684814 0.856120 0.010000 0.010000
0 0.239746 0.862305 0.010000 0.010000
0 0.323975 0.859049 0.010000 0.010000
0 0.357910 0.862305 0.010000 0.010000
0 0.563721 0.864583 0.019043 0.015625
0 0.900000 0.859049 0.010000 0.010000
0 0.737305 0.859701 0.010000 0.010000
0 0.860352 0.861328 0.010000 0.010000
0 0.555420 0.867513 0.010000 0.014974
0 0.234131 0.862956 0.010000 0.010000
0 0.553467 0.866211 0.010000 0.011068
0 0.877441 0.869466 0.016602 0.013672
0 0.415527 0.866536 0.010000 0.010000
0 0.550293 0.867188 0.010000 0.010000
0 0.569824 0.866862 0.015625 0.010000
0 0.900000 0.867188 0.010000 0.010000
0 0.416504 0.869141 0.010000 0.010000
0 0.832764 0.868815 0.010000 0.010000
0 0.897217 0.868815 0.010000 0.010000
0 0.900000 0.866211 0.010000 0.010000
0 0.472900 0.873698 0.010000 0.015625
0 0.241943 0.868490 0.010000 0.010000
0 0.747314 0.874674 0.010000 0.013672
0 0.760742 0.873372 0.010000 0.012370
0 0.815918 0.871745 0.010000 0.010000
0 0.583008 0.872721 0.010000 0.010000
0 0.174072 0.872721 0.010000 0.010000
0 0.845459 0.874349 0.010000 0.010000
0 0.297852 0.876628 0.010000 0.010000
0 0.143311 0.874674 0.010000 0.010000
0 0.175293 0.878906 0.010000 0.010000
0 0.242432 0.884440 0.013184 0.021484
0 0.245850 0.887044 0.020020 0.024089
0 0.270508 0.877930 0.010000 0.010000
0 0.693115 0.879232 0.010000 0.010000
0 0.900000 0.878581 0.010000 0.010000
0 0.100000 0.878255 0.010000 0.010000
0 0.144287 0.877930 0.010000 0.010000
0 0.639404 0.881185 0.011230 0.010000
0 0.251953 0.885091 0.010742 0.013672
0 0.578613 0.885417 0.010000 0.015625
0 0.657227 0.878255 0.010000 0.010000
0 0.783203 0.889648 0.010000 0.022786
0 0.847412 0.879232 0.010000 0.010000
0 0.337402 0.881510 0.010000 0.010000
0 0.620361 0.882161 0.010000 0.010000
0 0.899902 0.884440 0.010000 0.010000
0 0.332520 0.884440 0.010000 0.010000
0 0.611328 0.884115 0.010000 0.010000
0 0.676514 0.884766 0.010000 0.010000
0 0.178711 0.900000 0.068359 0.057943
0 0.184570 0.884766 0.010000 0.010000
0 0.189697 0.884766 0.010000 0.010000
0 0.218750 0.885742 0.010000 0.010000
0 0.393066 0.886393 0.010000 0.010000
0 0.803711 0.885417 0.010000 0.010000
0 0.187744 0.885742 0.010000 0.010000
0 0.729004 0.885742 0.010000 0.010000
0 0.895264 0.888021 0.010000 0.010000
0 0.218994 0.887370 0.010000 0.010000
0 0.221680 0.897786 0.027344 0.022135
0 0.900000 0.889648 0.010000 0.010000
0 0.679932 0.894206 0.010000 0.010000
0 0.442139 0.899414 0.018066 0.016276
0 0.593750 0.893229 0.015625 0.010000
0 0.900000 0.892904 0.010000 0.010000
0 0.900000 0.895508 0.011719 0.010000
0 0.100000 0.894857 0.010000 0.010000
0 0.100000 0.895182 0.010000 0.010000
0 0.100000 0.900000 0.010000 0.017578
0 0.222900 0.895182 0.010000 0.010000
0 0.462891 0.897786 0.010000 0.010417
0 0.478516 0.897461 0.010000 0.010000
0 0.503174 0.897135 0.010000 0.010000
0 0.709229 0.895833 0.010000 0.010000
0 0.100000 0.900000 0.010000 0.014323
0 0.102783 0.895833 0.010000 0.010000
0 0.360596 0.896810 0.010000 0.010000
0 0.582031 0.900000 0.010000 0.010417
0 0.598145 0.900000 0.039062 0.018229
0 0.726807 0.899740 0.010000 0.010000
0 0.791992 0.898763 0.010000 0.010000
0 0.258057 0.898112 0.010000 0.010000
0 0.444824 0.898112 0.010000 0.010000
0 0.491455 0.898438 0.010000 0.010000
0 0.520996 0.900000 0.010000 0.010417
0 0.672852 0.899089 0.010000 0.010000
0 0.100000 0.900000 0.010000 0.011068
0 0.621582 0.900000 0.010000 0.010000
0 0.101318 0.900000 0.010000 0.010000
0 0.241455 0.900000 0.010000 0.010000
0 0.283691 0.900000 0.010000 0.010000
0 0.509521 0.900000 0.010000 0.010000
0 0.616455 0.900000 0.010000 0.011068
0 0.650391 0.900000 0.010000 0.010000
0 0.100000 0.900000 0.010000 0.010000
0 0.342285 0.900000 0.010000 0.010000
0 0.576172 0.900000 0.010000 0.018229
0 0.900000 0.900000 0.010000 0.010000
0 0.573486 0.900000 0.010000 0.018229
0 0.212158 0.900000 0.010000 0.010000
0 0.328613 0.900000 0.010000 0.010000
0 0.339355 0.900000 0.010000 0.010000
0 0.407471 0.900000 0.010000 0.011719
0 0.743896 0.900000 0.010000 0.010000
0 0.812012 0.900000 0.010000 0.010000
0 0.284668 0.900000 0.010000 0.010000
0 0.580078 0.900000 0.010000 0.010000
0 0.609131 0.900000 0.010000 0.010000
0 0.155029 0.900000 0.010000 0.010000
0 0.207764 0.900000 0.010000 0.010000
0 0.360596 0.900000 0.010000 0.010000
0 0.540283 0.900000 0.010000 0.010000
0 0.619873 0.900000 0.010000 0.020182
0 0.246826 0.900000 0.010000 0.010000
0 0.615234 0.900000 0.010000 0.010000
0 0.100000 0.900000 0.010000 0.010000
0 0.412354 0.900000 0.010000 0.010000
0 0.558350 0.900000 0.010000 0.010000
0 0.596924 0.900000 0.041504 0.035156
0 0.615479 0.900000 0.010000 0.014323
0 0.429932 0.900000 0.010000 0.010000
0 0.665771 0.900000 0.010000 0.010000
0 0.850586 0.900000 0.010000 0.010000
0 0.347656 0.900000 0.010000 0.010000
0 0.575439 0.900000 0.010000 0.020182
0 0.622070 0.900000 0.010000 0.016276
0 0.228027 0.900000 0.010000 0.010000
0 0.251221 0.900000 0.010254 0.019531
0 0.261719 0.900000 0.010000 0.010000
0 0.427246 0.900000 0.010000 0.010000
0 0.505371 0.900000 0.010000 0.012370
0 0.228271 0.900000 0.010000 0.010000
0 0.282959 0.900000 0.010000 0.010000
0 0.552979 0.900000 0.010000 0.010000
0 0.572754 0.900000 0.010000 0.013021
0 0.699951 0.900000 0.010000 0.010000
0 0.369873 0.900000 0.015137 0.010000
0 0.439697 0.900000 0.010000 0.010000
0 0.226807 0.900000 0.010000 0.010000
0 0.455566 0.900000 0.010000 0.010000
0 0.476074 0.900000 0.025391 0.010000
0 0.523438 0.900000 0.010000 0.011068
0 0.569824 0.900000 0.010000 0.010000
0 0.900000 0.900000 0.010000 0.010000
0 0.224365 0.900000 0.010000 0.010000
0 0.388672 0.900000 0.010000 0.010417
0 0.563965 0.900000 0.010000 0.013021
0 0.615967 0.900000 0.010000 0.010000
0 0.827881 0.900000 0.010000 0.010000
0 0.836426 0.900000 0.010000 0.010000
0 0.624023 0.900000 0.010000 0.010417
0 0.787598 0.900000 0.010000 0.010000
0 0.100000 0.900000 0.013672 0.022135
0 0.220215 0.900000 0.010000 0.010000
0 0.615234 0.900000 0.010000 0.010000
0 0.410889 0.900000 0.010000 0.010000
0 0.613525 0.900000 0.010000 0.010000
0 0.678223 0.900000 0.010000 0.010000
0 0.100000 0.900000 0.012207 0.017578
0 0.217773 0.900000 0.010000 0.010000
0 0.873535 0.900000 0.010000 0.010000
0 0.900000 0.900000 0.065430 0.022786
0 0.249756 0.900000 0.010000 0.010000
0 0.740723 0.900000 0.010000 0.010000
0 0.900000 0.900000 0.021484 0.010000
0 0.100000 0.900000 0.010000 0.010000
0 0.217285 0.900000 0.010000 0.010000
0 0.399414 0.900000 0.010000 0.010000
0 0.895752 0.900000 0.012207 0.010417
0 0.611816 0.900000 0.010000 0.010000
0 0.628418 0.900000 0.010000 0.010000
0 0.900000 0.900000 0.010000 0.010000
0 0.100000 0.900000 0.010742 0.010000
0 0.653564 0.900000 0.010000 0.010000
0 0.697998 0.900000 0.010000 0.010000
0 0.900000 0.900000 0.010000 0.010000
0 0.209473 0.900000 0.020508 0.015625
0 0.100000 0.900000 0.010000 0.010000
0 0.372070 0.900000 0.010000 0.010000
0 0.796875 0.900000 0.010000 0.010000
0 0.900000 0.900000 0.010000 0.010000
0 0.100000 0.900000 0.010000 0.010000
0 0.206543 0.900000 0.021484 0.014974
0 0.333496 0.900000 0.010000 0.010000
0 0.900000 0.900000 0.010000 0.010000
0 0.390625 0.900000 0.010000 0.010000
0 0.579346 0.900000 0.010000 0.010000
0 0.652588 0.900000 0.010000 0.010000
0 0.480713 0.900000 0.010000 0.010000
0 0.749268 0.900000 0.010000 0.010000
0 0.787598 0.900000 0.010000 0.010000
0 0.900000 0.900000 0.027832 0.011068
0 0.431152 0.900000 0.010000 0.010000
0 0.900000 0.900000 0.010254 0.010000
0 0.890869 0.900000 0.010000 0.011068
0 0.900000 0.900000 0.010000 0.010000
0 0.237549 0.900000 0.010000 0.010000
0 0.260010 0.900000 0.010000 0.010000
0 0.263916 0.900000 0.010000 0.010000
0 0.287598 0.900000 0.010000 0.010000
0 0.900000 0.900000 0.024414 0.035156
0 0.449463 0.900000 0.010000 0.010000
0 0.606445 0.900000 0.011719 0.010000
0 0.632080 0.900000 0.010000 0.010000
0 0.900000 0.900000 0.010000 0.010000
0 0.900000 0.900000 0.011719 0.012370
0 0.900000 0.900000 0.016602 0.010000
0 0.234619 0.900000 0.010000 0.010000
0 0.254150 0.900000 0.010000 0.010000
0 0.626221 0.900000 0.010000 0.010000
0 0.900000 0.900000 0.010254 0.011719
0 0.900000 0.900000 0.010254 0.010000
0 0.100000 0.900000 0.012695 0.018229
0 0.320068 0.900000 0.010000 0.010000
0 0.350830 0.900000 0.010254 0.018229
0 0.900000 0.900000 0.010000 0.010000
0 0.100000 0.900000 0.013184 0.027344
0 0.197021 0.900000 0.010000 0.010000
0 0.250732 0.900000 0.010000 0.010000
0 0.413574 0.900000 0.010000 0.010000
0 0.541016 0.900000 0.010000 0.010000
0 0.753418 0.900000 0.010000 0.010000
0 0.100000 0.900000 0.010000 0.010000
0 0.100000 0.900000 0.010000 0.010000
0 0.100000 0.900000 0.010000 0.010000
0 0.489990 0.900000 0.010000 0.010000
0 0.673340 0.900000 0.010000 0.010417
0 0.100000 0.900000 0.010000 0.010000
0 0.186768 0.900000 0.010000 0.010000
0 0.417725 0.900000 0.010000 0.010000
0 0.100000 0.900000 0.012207 0.011068
0 0.249023 0.900000 0.010000 0.010000
0 0.589600 0.900000 0.010000 0.010000
0 0.787842 0.900000 0.010000 0.010000
0 0.827637 0.900000 0.010000 0.010000
0 0.100000 0.900000 0.015137 0.010000
0 0.507324 0.900000 0.010000 0.010417
0 0.729736 0.900000 0.010000 0.010000
0 0.900000 0.900000 0.012207 0.026693
0 0.397461 0.900000 0.010000 0.010000
0 0.706543 0.900000 0.010000 0.010000
0 0.840576 0.900000 0.010000 0.010000
0 0.855957 0.900000 0.010000 0.010000
0 0.187500 0.900000 0.010000 0.011719
0 0.477539 0.900000 0.010000 0.010000
0 0.685303 0.900000 0.010000 0.010000
0 0.100000 0.900000 0.011230 0.013672
0 0.100000 0.900000 0.010000 0.010000
0 0.189453 0.900000 0.010000 0.013672
0 0.374268 0.900000 0.010000 0.010000
0 0.227295 0.900000 0.012207 0.010000
0 0.464844 0.900000 0.010742 0.010000
0 0.774902 0.900000 0.010000 0.010000
0 0.873535 0.900000 0.010000 0.010417
0 0.411133 0.900000 0.010000 0.010000
0 0.657227 0.900000 0.010000 0.010417
0 0.163330 0.900000 0.010000 0.010000
0 0.564453 0.900000 0.010000 0.010000
0 0.579346 0.900000 0.013184 0.010000
0 0.602539 0.900000 0.014648 0.010000
0 0.807861 0.900000 0.010000 0.010000
0 0.855713 0.900000 0.010000 0.010000
0 0.228271 0.900000 0.010000 0.011068
0 0.674561 0.900000 0.010000 0.010000
0 0.881104 0.900000 0.010000 0.010000
0 0.787598 0.900000 0.010000 0.010000
0 0.666016 0.900000 0.010000 0.010000
0 0.541992 0.900000 0.010000 0.010000
0 0.314697 0.900000 0.010000 0.010000
0 0.335693 0.900000 0.010000 0.010000
0 0.898438 0.900000 0.010000 0.010000
0 0.213135 0.900000 0.010000 0.010000
0 0.298584 0.900000 0.010000 0.010000
0 0.315674 0.900000 0.010000 0.010000
0 0.337402 0.900000 0.010000 0.010000
0 0.100000 0.900000 0.010000 0.010000
0 0.210205 0.900000 0.010000 0.010000
0 0.216553 0.900000 0.010000 0.010000
0 0.219238 0.900000 0.010000 0.010000
0 0.229492 0.900000 0.010000 0.010000
0 0.247803 0.900000 0.010000 0.010000
0 0.250732 0.900000 0.010000 0.010000
0 0.279053 0.900000 0.010000 0.010000
0 0.284668 0.900000 0.010000 0.010000
0 0.302246 0.900000 0.010000 0.010000
0 0.318115 0.900000 0.010000 0.010000
0 0.362061 0.900000 0.010000 0.010000
0 0.384766 0.900000 0.010000 0.010000
0 0.485107 0.900000 0.010000 0.010000
0 0.496826 0.900000 0.010000 0.010000
0 0.577881 0.900000 0.010000 0.010000
0 0.631104 0.900000 0.010000 0.010000
0 0.655518 0.900000 0.010000 0.010000
0 0.691406 0.900000 0.010000 0.010000
0 0.706543 0.900000 0.010000 0.010000
0 0.722168 0.900000 0.010000 0.010000
0 0.727051 0.900000 0.010000 0.010000
0 0.772217 0.900000 0.010000 0.010000
0 0.834717 0.900000 0.010000 0.010000
0 0.866699 0.900000 0.010000 0.010000
0 0.880615 0.900000 0.010000 0.010000
0 0.892578 0.900000 0.010000 0.010000
0 0.900000 0.900000 0.010000 0.010000
0 0.100000 0.900000 0.015625 0.010000
0 0.100000 0.900000 0.019043 0.010000
0 0.100000 0.900000 0.010000 0.010000
0 0.100000 0.900000 0.010000 0.010000
0 0.188477 0.900000 0.019531 0.010000
0 0.200928 0.900000 0.010000 0.010000
0 0.207031 0.900000 0.010000 0.010000
0 0.222900 0.900000 0.010000 0.010000
0 0.226318 0.900000 0.010000 0.010000
0 0.253906 0.900000 0.010000 0.010000
0 0.256592 0.900000 0.010000 0.010000
0 0.272461 0.900000 0.010000 0.010000
0 0.275635 0.900000 0.010000 0.010000
0 0.282471 0.900000 0.010000 0.010000
0 0.295410 0.900000 0.010000 0.010000
0 0.313232 0.900000 0.010000 0.010000
0 0.340820 0.900000 0.010000 0.010000
0 0.371094 0.900000 0.010000 0.010000
0 0.412109 0.900000 0.010000 0.010000
0 0.424561 0.900000 0.010000 0.010000
0 0.445801 0.900000 0.010742 0.010000
0 0.462402 0.900000 0.015625 0.010000
0 0.528809 0.900000 0.010000 0.010000
0 0.546387 0.900000 0.010000 0.010000
0 0.595459 0.900000 0.010000 0.010000
0 0.617432 0.900000 0.012207 0.010000
0 0.639404 0.900000 0.010000 0.010000
0 0.649414 0.900000 0.010000 0.010000
0 0.662598 0.900000 0.010000 0.010000
0 0.679443 0.900000 0.014160 0.010000
0 0.699707 0.900000 0.010000 0.010000
0 0.713623 0.900000 0.010000 0.010000
0 0.745605 0.900000 0.010000 0.010000
0 0.797852 0.900000 0.010000 0.010000
0 0.809326 0.900000 0.010000 0.010000
0 0.823730 0.900000 0.010000 0.010000
0 0.829102 0.900000 0.010000 0.010000
0 0.847900 0.900000 0.010000 0.010000
0 0.858643 0.900000 0.010000 0.010000
0 0.872070 0.900000 0.010000 0.010000
0 0.100000 0.900000 0.011719 0.010000
0 0.233887 0.900000 0.010000 0.010000
0 0.236816 0.900000 0.010000 0.010000
0 0.259277 0.900000 0.010000 0.010000
0 0.264648 0.900000 0.010000 0.010000
0 0.397949 0.900000 0.010000 0.010000
0 0.405518 0.900000 0.010000 0.010000
0 0.514648 0.900000 0.013672 0.010000
0 0.570312 0.900000 0.010000 0.010000
0 0.583740 0.900000 0.010000 0.010000
0 0.589355 0.900000 0.010000 0.010000
0 0.756104 0.900000 0.010000 0.010000
0 0.785645 0.900000 0.010000 0.010000
