ID_Imagen,Archivo,Split,Ruta
MUESTRA_1632,MUESTRA_1632.jpg,train,raw/MUESTRA_1632.jpg
MUESTRA_468,MUESTRA_468.jpg,train,raw/MUESTRA_468.jpg
MUESTRA_1344,MUESTRA_1344.jpg,train,raw/MUESTRA_1344.jpg
MUESTRA_1643,MUESTRA_1643.jpg,train,raw/MUESTRA_1643.jpg
MUESTRA_505,MUESTRA_505.jpg,train,raw/MUESTRA_505.jpg
MUESTRA_279,MUESTRA_279.jpg,train,raw/MUESTRA_279.jpg
MUESTRA_1949,MUESTRA_1949.jpg,train,raw/MUESTRA_1949.jpg
MUESTRA_432,MUESTRA_432.jpg,train,raw/MUESTRA_432.jpg
MUESTRA_084,MUESTRA_084.jpg,train,raw/MUESTRA_084.jpg
MUESTRA_956,MUESTRA_956.jpg,train,raw/MUESTRA_956.jpg
MUESTRA_581,MUESTRA_581.jpg,train,raw/MUESTRA_581.jpg
MUESTRA_326,MUESTRA_326.jpg,train,raw/MUESTRA_326.jpg
MUESTRA_184,MUESTRA_184.jpg,train,raw/MUESTRA_184.jpg
MUESTRA_1724,MUESTRA_1724.jpg,train,raw/MUESTRA_1724.jpg
MUESTRA_161,MUESTRA_161.jpg,train,raw/MUESTRA_161.jpg
MUESTRA_1952,MUESTRA_1952.jpg,train,raw/MUESTRA_1952.jpg
MUESTRA_834,MUESTRA_834.jpg,train,raw/MUESTRA_834.jpg
MUESTRA_905,MUESTRA_905.jpg,train,raw/MUESTRA_905.jpg
MUESTRA_1878,MUESTRA_1878.jpg,train,raw/MUESTRA_1878.jpg
MUESTRA_458,MUESTRA_458.jpg,train,raw/MUESTRA_458.jpg
MUESTRA_1816,MUESTRA_1816.jpg,train,raw/MUESTRA_1816.jpg
MUESTRA_163,MUESTRA_163.jpg,train,raw/MUESTRA_163.jpg
MUESTRA_1609,MUESTRA_1609.jpg,train,raw/MUESTRA_1609.jpg
MUESTRA_257,MUESTRA_257.jpg,train,raw/MUESTRA_257.jpg
MUESTRA_123,MUESTRA_123.jpg,train,raw/MUESTRA_123.jpg
MUESTRA_1151,MUESTRA_1151.jpg,train,raw/MUESTRA_1151.jpg
MUESTRA_682,MUESTRA_682.jpg,train,raw/MUESTRA_682.jpg
MUESTRA_043,MUESTRA_043.jpg,train,raw/MUESTRA_043.jpg
MUESTRA_139,MUESTRA_139.jpg,train,raw/MUESTRA_139.jpg
MUESTRA_098,MUESTRA_098.jpg,train,raw/MUESTRA_098.jpg
MUESTRA_1883,MUESTRA_1883.jpg,train,raw/MUESTRA_1883.jpg
MUESTRA_867,MUESTRA_867.jpg,train,raw/MUESTRA_867.jpg
MUESTRA_1830,MUESTRA_1830.jpg,train,raw/MUESTRA_1830.jpg
MUESTRA_411,MUESTRA_411.jpg,train,raw/MUESTRA_411.jpg
MUESTRA_564,MUESTRA_564.jpg,train,raw/MUESTRA_564.jpg
MUESTRA_1664,MUESTRA_1664.jpg,train,raw/MUESTRA_1664.jpg
MUESTRA_1671,MUESTRA_1671.jpg,train,raw/MUESTRA_1671.jpg
MUESTRA_1930,MUESTRA_1930.jpg,train,raw/MUESTRA_1930.jpg
MUESTRA_1547,MUESTRA_1547.jpg,train,raw/MUESTRA_1547.jpg
MUESTRA_1220,MUESTRA_1220.jpg,train,raw/MUESTRA_1220.jpg
MUESTRA_672,MUESTRA_672.jpg,train,raw/MUESTRA_672.jpg
MUESTRA_796,MUESTRA_796.jpg,train,raw/MUESTRA_796.jpg
MUESTRA_1639,MUESTRA_1639.jpg,train,raw/MUESTRA_1639.jpg
MUESTRA_1661,MUESTRA_1661.jpg,train,raw/MUESTRA_1661.jpg
MUESTRA_293,MUESTRA_293.jpg,train,raw/MUESTRA_293.jpg
MUESTRA_668,MUESTRA_668.jpg,train,raw/MUESTRA_668.jpg
MUESTRA_619,MUESTRA_619.jpg,train,raw/MUESTRA_619.jpg
MUESTRA_715,MUESTRA_715.jpg,train,raw/MUESTRA_715.jpg
MUESTRA_675,MUESTRA_675.jpg,train,raw/MUESTRA_675.jpg
MUESTRA_892,MUESTRA_892.jpg,train,raw/MUESTRA_892.jpg
MUESTRA_1034,MUESTRA_1034.jpg,train,raw/MUESTRA_1034.jpg
MUESTRA_1105,MUESTRA_1105.jpg,train,raw/MUESTRA_1105.jpg
MUESTRA_1964,MUESTRA_1964.jpg,train,raw/MUESTRA_1964.jpg
MUESTRA_028,MUESTRA_028.jpg,train,raw/MUESTRA_028.jpg
MUESTRA_1160,MUESTRA_1160.jpg,train,raw/MUESTRA_1160.jpg
MUESTRA_621,MUESTRA_621.jpg,train,raw/MUESTRA_621.jpg
MUESTRA_925,MUESTRA_925.jpg,train,raw/MUESTRA_925.jpg
MUESTRA_987,MUESTRA_987.jpg,train,raw/MUESTRA_987.jpg
MUESTRA_389,MUESTRA_389.jpg,train,raw/MUESTRA_389.jpg
MUESTRA_1293,MUESTRA_1293.jpg,train,raw/MUESTRA_1293.jpg
MUESTRA_115,MUESTRA_115.jpg,train,raw/MUESTRA_115.jpg
MUESTRA_1066,MUESTRA_1066.jpg,train,raw/MUESTRA_1066.jpg
MUESTRA_1196,MUESTRA_1196.jpg,train,raw/MUESTRA_1196.jpg
MUESTRA_1574,MUESTRA_1574.jpg,train,raw/MUESTRA_1574.jpg
MUESTRA_114,MUESTRA_114.jpg,train,raw/MUESTRA_114.jpg
MUESTRA_1786,MUESTRA_1786.jpg,train,raw/MUESTRA_1786.jpg
MUESTRA_1272,MUESTRA_1272.jpg,train,raw/MUESTRA_1272.jpg
MUESTRA_797,MUESTRA_797.jpg,train,raw/MUESTRA_797.jpg
MUESTRA_231,MUESTRA_231.jpg,train,raw/MUESTRA_231.jpg
MUESTRA_1138,MUESTRA_1138.jpg,train,raw/MUESTRA_1138.jpg
MUESTRA_1231,MUESTRA_1231.jpg,train,raw/MUESTRA_1231.jpg
MUESTRA_959,MUESTRA_959.jpg,train,raw/MUESTRA_959.jpg
MUESTRA_885,MUESTRA_885.jpg,train,raw/MUESTRA_885.jpg
MUESTRA_1704,MUESTRA_1704.jpg,train,raw/MUESTRA_1704.jpg
MUESTRA_803,MUESTRA_803.jpg,train,raw/MUESTRA_803.jpg
MUESTRA_1879,MUESTRA_1879.jpg,train,raw/MUESTRA_1879.jpg
MUESTRA_353,MUESTRA_353.jpg,train,raw/MUESTRA_353.jpg
MUESTRA_246,MUESTRA_246.jpg,train,raw/MUESTRA_246.jpg
MUESTRA_523,MUESTRA_523.jpg,train,raw/MUESTRA_523.jpg
MUESTRA_1687,MUESTRA_1687.jpg,train,raw/MUESTRA_1687.jpg
MUESTRA_937,MUESTRA_937.jpg,train,raw/MUESTRA_937.jpg
MUESTRA_1076,MUESTRA_1076.jpg,train,raw/MUESTRA_1076.jpg
MUESTRA_061,MUESTRA_061.jpg,train,raw/MUESTRA_061.jpg
MUESTRA_1430,MUESTRA_1430.jpg,train,raw/MUESTRA_1430.jpg
MUESTRA_092,MUESTRA_092.jpg,train,raw/MUESTRA_092.jpg
MUESTRA_069,MUESTRA_069.jpg,train,raw/MUESTRA_069.jpg
MUESTRA_1580,MUESTRA_1580.jpg,train,raw/MUESTRA_1580.jpg
MUESTRA_1807,MUESTRA_1807.jpg,train,raw/MUESTRA_1807.jpg
MUESTRA_1607,MUESTRA_1607.jpg,train,raw/MUESTRA_1607.jpg
MUESTRA_749,MUESTRA_749.jpg,train,raw/MUESTRA_749.jpg
MUESTRA_812,MUESTRA_812.jpg,train,raw/MUESTRA_812.jpg
MUESTRA_359,MUESTRA_359.jpg,train,raw/MUESTRA_359.jpg
MUESTRA_224,MUESTRA_224.jpg,train,raw/MUESTRA_224.jpg
MUESTRA_103,MUESTRA_103.jpg,train,raw/MUESTRA_103.jpg
MUESTRA_249,MUESTRA_249.jpg,train,raw/MUESTRA_249.jpg
MUESTRA_1848,MUESTRA_1848.jpg,train,raw/MUESTRA_1848.jpg
MUESTRA_1751,MUESTRA_1751.jpg,train,raw/MUESTRA_1751.jpg
MUESTRA_1974,MUESTRA_1974.jpg,train,raw/MUESTRA_1974.jpg
MUESTRA_684,MUESTRA_684.jpg,train,raw/MUESTRA_684.jpg
MUESTRA_1020,MUESTRA_1020.jpg,train,raw/MUESTRA_1020.jpg
MUESTRA_750,MUESTRA_750.jpg,train,raw/MUESTRA_750.jpg
MUESTRA_1389,MUESTRA_1389.jpg,train,raw/MUESTRA_1389.jpg
MUESTRA_600,MUESTRA_600.jpg,train,raw/MUESTRA_600.jpg
MUESTRA_1922,MUESTRA_1922.jpg,train,raw/MUESTRA_1922.jpg
MUESTRA_182,MUESTRA_182.jpg,train,raw/MUESTRA_182.jpg
MUESTRA_1088,MUESTRA_1088.jpg,train,raw/MUESTRA_1088.jpg
MUESTRA_406,MUESTRA_406.jpg,train,raw/MUESTRA_406.jpg
MUESTRA_914,MUESTRA_914.jpg,train,raw/MUESTRA_914.jpg
MUESTRA_331,MUESTRA_331.jpg,train,raw/MUESTRA_331.jpg
MUESTRA_1330,MUESTRA_1330.jpg,train,raw/MUESTRA_1330.jpg
MUESTRA_1985,MUESTRA_1985.jpg,train,raw/MUESTRA_1985.jpg
MUESTRA_1274,MUESTRA_1274.jpg,train,raw/MUESTRA_1274.jpg
MUESTRA_363,MUESTRA_363.jpg,train,raw/MUESTRA_363.jpg
MUESTRA_068,MUESTRA_068.jpg,train,raw/MUESTRA_068.jpg
MUESTRA_677,MUESTRA_677.jpg,train,raw/MUESTRA_677.jpg
MUESTRA_1244,MUESTRA_1244.jpg,train,raw/MUESTRA_1244.jpg
MUESTRA_942,MUESTRA_942.jpg,train,raw/MUESTRA_942.jpg
MUESTRA_070,MUESTRA_070.jpg,train,raw/MUESTRA_070.jpg
MUESTRA_1654,MUESTRA_1654.jpg,train,raw/MUESTRA_1654.jpg
MUESTRA_1967,MUESTRA_1967.jpg,train,raw/MUESTRA_1967.jpg
MUESTRA_376,MUESTRA_376.jpg,train,raw/MUESTRA_376.jpg
MUESTRA_580,MUESTRA_580.jpg,train,raw/MUESTRA_580.jpg
MUESTRA_1447,MUESTRA_1447.jpg,train,raw/MUESTRA_1447.jpg
MUESTRA_1847,MUESTRA_1847.jpg,train,raw/MUESTRA_1847.jpg
MUESTRA_1297,MUESTRA_1297.jpg,train,raw/MUESTRA_1297.jpg
MUESTRA_419,MUESTRA_419.jpg,train,raw/MUESTRA_419.jpg
MUESTRA_1553,MUESTRA_1553.jpg,train,raw/MUESTRA_1553.jpg
MUESTRA_160,MUESTRA_160.jpg,train,raw/MUESTRA_160.jpg
MUESTRA_904,MUESTRA_904.jpg,train,raw/MUESTRA_904.jpg
MUESTRA_1625,MUESTRA_1625.jpg,train,raw/MUESTRA_1625.jpg
MUESTRA_108,MUESTRA_108.jpg,train,raw/MUESTRA_108.jpg
MUESTRA_1407,MUESTRA_1407.jpg,train,raw/MUESTRA_1407.jpg
MUESTRA_623,MUESTRA_623.jpg,train,raw/MUESTRA_623.jpg
MUESTRA_1792,MUESTRA_1792.jpg,train,raw/MUESTRA_1792.jpg
MUESTRA_275,MUESTRA_275.jpg,train,raw/MUESTRA_275.jpg
MUESTRA_634,MUESTRA_634.jpg,train,raw/MUESTRA_634.jpg
MUESTRA_291,MUESTRA_291.jpg,train,raw/MUESTRA_291.jpg
MUESTRA_1852,MUESTRA_1852.jpg,train,raw/MUESTRA_1852.jpg
MUESTRA_545,MUESTRA_545.jpg,train,raw/MUESTRA_545.jpg
MUESTRA_949,MUESTRA_949.jpg,train,raw/MUESTRA_949.jpg
MUESTRA_495,MUESTRA_495.jpg,train,raw/MUESTRA_495.jpg
MUESTRA_033,MUESTRA_033.jpg,train,raw/MUESTRA_033.jpg
MUESTRA_258,MUESTRA_258.jpg,train,raw/MUESTRA_258.jpg
MUESTRA_832,MUESTRA_832.jpg,train,raw/MUESTRA_832.jpg
MUESTRA_930,MUESTRA_930.jpg,train,raw/MUESTRA_930.jpg
MUESTRA_1174,MUESTRA_1174.jpg,train,raw/MUESTRA_1174.jpg
MUESTRA_879,MUESTRA_879.jpg,train,raw/MUESTRA_879.jpg
MUESTRA_239,MUESTRA_239.jpg,train,raw/MUESTRA_239.jpg
MUESTRA_479,MUESTRA_479.jpg,train,raw/MUESTRA_479.jpg
MUESTRA_118,MUESTRA_118.jpg,train,raw/MUESTRA_118.jpg
MUESTRA_332,MUESTRA_332.jpg,train,raw/MUESTRA_332.jpg
MUESTRA_223,MUESTRA_223.jpg,train,raw/MUESTRA_223.jpg
MUESTRA_1573,MUESTRA_1573.jpg,train,raw/MUESTRA_1573.jpg
MUESTRA_931,MUESTRA_931.jpg,train,raw/MUESTRA_931.jpg
MUESTRA_1502,MUESTRA_1502.jpg,train,raw/MUESTRA_1502.jpg
MUESTRA_1380,MUESTRA_1380.jpg,train,raw/MUESTRA_1380.jpg
MUESTRA_191,MUESTRA_191.jpg,train,raw/MUESTRA_191.jpg
MUESTRA_548,MUESTRA_548.jpg,train,raw/MUESTRA_548.jpg
MUESTRA_233,MUESTRA_233.jpg,train,raw/MUESTRA_233.jpg
MUESTRA_625,MUESTRA_625.jpg,train,raw/MUESTRA_625.jpg
MUESTRA_475,MUESTRA_475.jpg,train,raw/MUESTRA_475.jpg
MUESTRA_025,MUESTRA_025.jpg,train,raw/MUESTRA_025.jpg
MUESTRA_1978,MUESTRA_1978.jpg,train,raw/MUESTRA_1978.jpg
MUESTRA_1396,MUESTRA_1396.jpg,train,raw/MUESTRA_1396.jpg
MUESTRA_695,MUESTRA_695.jpg,train,raw/MUESTRA_695.jpg
MUESTRA_802,MUESTRA_802.jpg,train,raw/MUESTRA_802.jpg
MUESTRA_808,MUESTRA_808.jpg,train,raw/MUESTRA_808.jpg
MUESTRA_977,MUESTRA_977.jpg,train,raw/MUESTRA_977.jpg
MUESTRA_1918,MUESTRA_1918.jpg,train,raw/MUESTRA_1918.jpg
MUESTRA_1637,MUESTRA_1637.jpg,train,raw/MUESTRA_1637.jpg
MUESTRA_503,MUESTRA_503.jpg,train,raw/MUESTRA_503.jpg
MUESTRA_658,MUESTRA_658.jpg,train,raw/MUESTRA_658.jpg
MUESTRA_627,MUESTRA_627.jpg,train,raw/MUESTRA_627.jpg
MUESTRA_688,MUESTRA_688.jpg,train,raw/MUESTRA_688.jpg
MUESTRA_579,MUESTRA_579.jpg,train,raw/MUESTRA_579.jpg
MUESTRA_1051,MUESTRA_1051.jpg,train,raw/MUESTRA_1051.jpg
MUESTRA_1405,MUESTRA_1405.jpg,train,raw/MUESTRA_1405.jpg
MUESTRA_515,MUESTRA_515.jpg,train,raw/MUESTRA_515.jpg
MUESTRA_1150,MUESTRA_1150.jpg,train,raw/MUESTRA_1150.jpg
MUESTRA_883,MUESTRA_883.jpg,train,raw/MUESTRA_883.jpg
MUESTRA_207,MUESTRA_207.jpg,train,raw/MUESTRA_207.jpg
MUESTRA_651,MUESTRA_651.jpg,train,raw/MUESTRA_651.jpg
MUESTRA_1778,MUESTRA_1778.jpg,train,raw/MUESTRA_1778.jpg
MUESTRA_368,MUESTRA_368.jpg,train,raw/MUESTRA_368.jpg
MUESTRA_910,MUESTRA_910.jpg,train,raw/MUESTRA_910.jpg
MUESTRA_1186,MUESTRA_1186.jpg,train,raw/MUESTRA_1186.jpg
MUESTRA_1075,MUESTRA_1075.jpg,train,raw/MUESTRA_1075.jpg
MUESTRA_1171,MUESTRA_1171.jpg,train,raw/MUESTRA_1171.jpg
MUESTRA_1235,MUESTRA_1235.jpg,train,raw/MUESTRA_1235.jpg
MUESTRA_1090,MUESTRA_1090.jpg,train,raw/MUESTRA_1090.jpg
MUESTRA_1329,MUESTRA_1329.jpg,train,raw/MUESTRA_1329.jpg
MUESTRA_1876,MUESTRA_1876.jpg,train,raw/MUESTRA_1876.jpg
MUESTRA_1649,MUESTRA_1649.jpg,train,raw/MUESTRA_1649.jpg
MUESTRA_102,MUESTRA_102.jpg,train,raw/MUESTRA_102.jpg
MUESTRA_1859,MUESTRA_1859.jpg,train,raw/MUESTRA_1859.jpg
MUESTRA_1557,MUESTRA_1557.jpg,train,raw/MUESTRA_1557.jpg
MUESTRA_965,MUESTRA_965.jpg,train,raw/MUESTRA_965.jpg
MUESTRA_1435,MUESTRA_1435.jpg,train,raw/MUESTRA_1435.jpg
MUESTRA_1558,MUESTRA_1558.jpg,train,raw/MUESTRA_1558.jpg
MUESTRA_966,MUESTRA_966.jpg,train,raw/MUESTRA_966.jpg
MUESTRA_1238,MUESTRA_1238.jpg,train,raw/MUESTRA_1238.jpg
MUESTRA_286,MUESTRA_286.jpg,train,raw/MUESTRA_286.jpg
MUESTRA_1973,MUESTRA_1973.jpg,train,raw/MUESTRA_1973.jpg
MUESTRA_1735,MUESTRA_1735.jpg,train,raw/MUESTRA_1735.jpg
MUESTRA_1326,MUESTRA_1326.jpg,train,raw/MUESTRA_1326.jpg
MUESTRA_099,MUESTRA_099.jpg,train,raw/MUESTRA_099.jpg
MUESTRA_434,MUESTRA_434.jpg,train,raw/MUESTRA_434.jpg
MUESTRA_638,MUESTRA_638.jpg,train,raw/MUESTRA_638.jpg
MUESTRA_1579,MUESTRA_1579.jpg,train,raw/MUESTRA_1579.jpg
MUESTRA_501,MUESTRA_501.jpg,train,raw/MUESTRA_501.jpg
MUESTRA_294,MUESTRA_294.jpg,train,raw/MUESTRA_294.jpg
MUESTRA_736,MUESTRA_736.jpg,train,raw/MUESTRA_736.jpg
MUESTRA_1675,MUESTRA_1675.jpg,train,raw/MUESTRA_1675.jpg
MUESTRA_1222,MUESTRA_1222.jpg,train,raw/MUESTRA_1222.jpg
MUESTRA_341,MUESTRA_341.jpg,train,raw/MUESTRA_341.jpg
MUESTRA_881,MUESTRA_881.jpg,train,raw/MUESTRA_881.jpg
MUESTRA_1562,MUESTRA_1562.jpg,train,raw/MUESTRA_1562.jpg
MUESTRA_401,MUESTRA_401.jpg,train,raw/MUESTRA_401.jpg
MUESTRA_1572,MUESTRA_1572.jpg,train,raw/MUESTRA_1572.jpg
MUESTRA_1234,MUESTRA_1234.jpg,train,raw/MUESTRA_1234.jpg
MUESTRA_019,MUESTRA_019.jpg,train,raw/MUESTRA_019.jpg
MUESTRA_656,MUESTRA_656.jpg,train,raw/MUESTRA_656.jpg
MUESTRA_392,MUESTRA_392.jpg,train,raw/MUESTRA_392.jpg
MUESTRA_633,MUESTRA_633.jpg,train,raw/MUESTRA_633.jpg
MUESTRA_152,MUESTRA_152.jpg,train,raw/MUESTRA_152.jpg
MUESTRA_303,MUESTRA_303.jpg,train,raw/MUESTRA_303.jpg
MUESTRA_1515,MUESTRA_1515.jpg,train,raw/MUESTRA_1515.jpg
MUESTRA_1482,MUESTRA_1482.jpg,train,raw/MUESTRA_1482.jpg
MUESTRA_1592,MUESTRA_1592.jpg,train,raw/MUESTRA_1592.jpg
MUESTRA_1159,MUESTRA_1159.jpg,train,raw/MUESTRA_1159.jpg
MUESTRA_1488,MUESTRA_1488.jpg,train,raw/MUESTRA_1488.jpg
MUESTRA_018,MUESTRA_018.jpg,train,raw/MUESTRA_018.jpg
MUESTRA_559,MUESTRA_559.jpg,train,raw/MUESTRA_559.jpg
MUESTRA_1351,MUESTRA_1351.jpg,train,raw/MUESTRA_1351.jpg
MUESTRA_315,MUESTRA_315.jpg,train,raw/MUESTRA_315.jpg
MUESTRA_1139,MUESTRA_1139.jpg,train,raw/MUESTRA_1139.jpg
MUESTRA_616,MUESTRA_616.jpg,train,raw/MUESTRA_616.jpg
MUESTRA_1812,MUESTRA_1812.jpg,train,raw/MUESTRA_1812.jpg
MUESTRA_124,MUESTRA_124.jpg,train,raw/MUESTRA_124.jpg
MUESTRA_1702,MUESTRA_1702.jpg,train,raw/MUESTRA_1702.jpg
MUESTRA_1844,MUESTRA_1844.jpg,train,raw/MUESTRA_1844.jpg
MUESTRA_356,MUESTRA_356.jpg,train,raw/MUESTRA_356.jpg
MUESTRA_1114,MUESTRA_1114.jpg,train,raw/MUESTRA_1114.jpg
MUESTRA_944,MUESTRA_944.jpg,train,raw/MUESTRA_944.jpg
MUESTRA_1620,MUESTRA_1620.jpg,train,raw/MUESTRA_1620.jpg
MUESTRA_1802,MUESTRA_1802.jpg,train,raw/MUESTRA_1802.jpg
MUESTRA_1179,MUESTRA_1179.jpg,train,raw/MUESTRA_1179.jpg
MUESTRA_203,MUESTRA_203.jpg,train,raw/MUESTRA_203.jpg
MUESTRA_831,MUESTRA_831.jpg,train,raw/MUESTRA_831.jpg
MUESTRA_1645,MUESTRA_1645.jpg,train,raw/MUESTRA_1645.jpg
MUESTRA_1450,MUESTRA_1450.jpg,train,raw/MUESTRA_1450.jpg
MUESTRA_538,MUESTRA_538.jpg,train,raw/MUESTRA_538.jpg
MUESTRA_536,MUESTRA_536.jpg,train,raw/MUESTRA_536.jpg
MUESTRA_1089,MUESTRA_1089.jpg,train,raw/MUESTRA_1089.jpg
MUESTRA_1398,MUESTRA_1398.jpg,train,raw/MUESTRA_1398.jpg
MUESTRA_1740,MUESTRA_1740.jpg,train,raw/MUESTRA_1740.jpg
MUESTRA_430,MUESTRA_430.jpg,train,raw/MUESTRA_430.jpg
MUESTRA_969,MUESTRA_969.jpg,train,raw/MUESTRA_969.jpg
MUESTRA_939,MUESTRA_939.jpg,train,raw/MUESTRA_939.jpg
MUESTRA_1939,MUESTRA_1939.jpg,train,raw/MUESTRA_1939.jpg
MUESTRA_395,MUESTRA_395.jpg,train,raw/MUESTRA_395.jpg
MUESTRA_075,MUESTRA_075.jpg,train,raw/MUESTRA_075.jpg
MUESTRA_1717,MUESTRA_1717.jpg,train,raw/MUESTRA_1717.jpg
MUESTRA_659,MUESTRA_659.jpg,train,raw/MUESTRA_659.jpg
MUESTRA_474,MUESTRA_474.jpg,train,raw/MUESTRA_474.jpg
MUESTRA_477,MUESTRA_477.jpg,train,raw/MUESTRA_477.jpg
MUESTRA_425,MUESTRA_425.jpg,train,raw/MUESTRA_425.jpg
MUESTRA_145,MUESTRA_145.jpg,train,raw/MUESTRA_145.jpg
MUESTRA_1630,MUESTRA_1630.jpg,train,raw/MUESTRA_1630.jpg
MUESTRA_853,MUESTRA_853.jpg,train,raw/MUESTRA_853.jpg
MUESTRA_417,MUESTRA_417.jpg,train,raw/MUESTRA_417.jpg
MUESTRA_1612,MUESTRA_1612.jpg,train,raw/MUESTRA_1612.jpg
MUESTRA_087,MUESTRA_087.jpg,train,raw/MUESTRA_087.jpg
MUESTRA_1966,MUESTRA_1966.jpg,train,raw/MUESTRA_1966.jpg
MUESTRA_1012,MUESTRA_1012.jpg,train,raw/MUESTRA_1012.jpg
MUESTRA_1298,MUESTRA_1298.jpg,train,raw/MUESTRA_1298.jpg
MUESTRA_126,MUESTRA_126.jpg,train,raw/MUESTRA_126.jpg
MUESTRA_127,MUESTRA_127.jpg,train,raw/MUESTRA_127.jpg
MUESTRA_1506,MUESTRA_1506.jpg,train,raw/MUESTRA_1506.jpg
MUESTRA_374,MUESTRA_374.jpg,train,raw/MUESTRA_374.jpg
MUESTRA_333,MUESTRA_333.jpg,train,raw/MUESTRA_333.jpg
MUESTRA_1281,MUESTRA_1281.jpg,train,raw/MUESTRA_1281.jpg
MUESTRA_1709,MUESTRA_1709.jpg,train,raw/MUESTRA_1709.jpg
MUESTRA_975,MUESTRA_975.jpg,train,raw/MUESTRA_975.jpg
MUESTRA_480,MUESTRA_480.jpg,train,raw/MUESTRA_480.jpg
MUESTRA_046,MUESTRA_046.jpg,train,raw/MUESTRA_046.jpg
MUESTRA_447,MUESTRA_447.jpg,train,raw/MUESTRA_447.jpg
MUESTRA_343,MUESTRA_343.jpg,train,raw/MUESTRA_343.jpg
MUESTRA_088,MUESTRA_088.jpg,train,raw/MUESTRA_088.jpg
MUESTRA_464,MUESTRA_464.jpg,train,raw/MUESTRA_464.jpg
MUESTRA_011,MUESTRA_011.jpg,train,raw/MUESTRA_011.jpg
MUESTRA_489,MUESTRA_489.jpg,train,raw/MUESTRA_489.jpg
MUESTRA_1299,MUESTRA_1299.jpg,train,raw/MUESTRA_1299.jpg
MUESTRA_306,MUESTRA_306.jpg,train,raw/MUESTRA_306.jpg
MUESTRA_1103,MUESTRA_1103.jpg,train,raw/MUESTRA_1103.jpg
MUESTRA_1098,MUESTRA_1098.jpg,train,raw/MUESTRA_1098.jpg
MUESTRA_1706,MUESTRA_1706.jpg,train,raw/MUESTRA_1706.jpg
MUESTRA_1275,MUESTRA_1275.jpg,train,raw/MUESTRA_1275.jpg
MUESTRA_1838,MUESTRA_1838.jpg,train,raw/MUESTRA_1838.jpg
MUESTRA_1874,MUESTRA_1874.jpg,train,raw/MUESTRA_1874.jpg
MUESTRA_214,MUESTRA_214.jpg,train,raw/MUESTRA_214.jpg
MUESTRA_386,MUESTRA_386.jpg,train,raw/MUESTRA_386.jpg
MUESTRA_640,MUESTRA_640.jpg,train,raw/MUESTRA_640.jpg
MUESTRA_666,MUESTRA_666.jpg,train,raw/MUESTRA_666.jpg
MUESTRA_1419,MUESTRA_1419.jpg,train,raw/MUESTRA_1419.jpg
MUESTRA_950,MUESTRA_950.jpg,train,raw/MUESTRA_950.jpg
MUESTRA_487,MUESTRA_487.jpg,train,raw/MUESTRA_487.jpg
MUESTRA_1442,MUESTRA_1442.jpg,train,raw/MUESTRA_1442.jpg
MUESTRA_1437,MUESTRA_1437.jpg,train,raw/MUESTRA_1437.jpg
MUESTRA_1404,MUESTRA_1404.jpg,train,raw/MUESTRA_1404.jpg
MUESTRA_645,MUESTRA_645.jpg,train,raw/MUESTRA_645.jpg
MUESTRA_1820,MUESTRA_1820.jpg,train,raw/MUESTRA_1820.jpg
MUESTRA_1650,MUESTRA_1650.jpg,train,raw/MUESTRA_1650.jpg
MUESTRA_1309,MUESTRA_1309.jpg,train,raw/MUESTRA_1309.jpg
MUESTRA_090,MUESTRA_090.jpg,train,raw/MUESTRA_090.jpg
MUESTRA_1227,MUESTRA_1227.jpg,train,raw/MUESTRA_1227.jpg
MUESTRA_1140,MUESTRA_1140.jpg,train,raw/MUESTRA_1140.jpg
MUESTRA_455,MUESTRA_455.jpg,train,raw/MUESTRA_455.jpg
MUESTRA_1943,MUESTRA_1943.jpg,train,raw/MUESTRA_1943.jpg
MUESTRA_216,MUESTRA_216.jpg,train,raw/MUESTRA_216.jpg
MUESTRA_1603,MUESTRA_1603.jpg,train,raw/MUESTRA_1603.jpg
MUESTRA_1432,MUESTRA_1432.jpg,train,raw/MUESTRA_1432.jpg
MUESTRA_1598,MUESTRA_1598.jpg,train,raw/MUESTRA_1598.jpg
MUESTRA_996,MUESTRA_996.jpg,train,raw/MUESTRA_996.jpg
MUESTRA_492,MUESTRA_492.jpg,train,raw/MUESTRA_492.jpg
MUESTRA_511,MUESTRA_511.jpg,train,raw/MUESTRA_511.jpg
MUESTRA_1257,MUESTRA_1257.jpg,train,raw/MUESTRA_1257.jpg
MUESTRA_1893,MUESTRA_1893.jpg,train,raw/MUESTRA_1893.jpg
MUESTRA_1541,MUESTRA_1541.jpg,train,raw/MUESTRA_1541.jpg
MUESTRA_835,MUESTRA_835.jpg,train,raw/MUESTRA_835.jpg
MUESTRA_743,MUESTRA_743.jpg,train,raw/MUESTRA_743.jpg
MUESTRA_926,MUESTRA_926.jpg,train,raw/MUESTRA_926.jpg
MUESTRA_256,MUESTRA_256.jpg,train,raw/MUESTRA_256.jpg
MUESTRA_1154,MUESTRA_1154.jpg,train,raw/MUESTRA_1154.jpg
MUESTRA_1479,MUESTRA_1479.jpg,train,raw/MUESTRA_1479.jpg
MUESTRA_484,MUESTRA_484.jpg,train,raw/MUESTRA_484.jpg
MUESTRA_1931,MUESTRA_1931.jpg,train,raw/MUESTRA_1931.jpg
MUESTRA_427,MUESTRA_427.jpg,train,raw/MUESTRA_427.jpg
MUESTRA_716,MUESTRA_716.jpg,train,raw/MUESTRA_716.jpg
MUESTRA_107,MUESTRA_107.jpg,train,raw/MUESTRA_107.jpg
MUESTRA_297,MUESTRA_297.jpg,train,raw/MUESTRA_297.jpg
MUESTRA_748,MUESTRA_748.jpg,train,raw/MUESTRA_748.jpg
MUESTRA_1387,MUESTRA_1387.jpg,train,raw/MUESTRA_1387.jpg
MUESTRA_681,MUESTRA_681.jpg,train,raw/MUESTRA_681.jpg
MUESTRA_1385,MUESTRA_1385.jpg,train,raw/MUESTRA_1385.jpg
MUESTRA_891,MUESTRA_891.jpg,train,raw/MUESTRA_891.jpg
MUESTRA_1870,MUESTRA_1870.jpg,train,raw/MUESTRA_1870.jpg
MUESTRA_855,MUESTRA_855.jpg,train,raw/MUESTRA_855.jpg
MUESTRA_742,MUESTRA_742.jpg,train,raw/MUESTRA_742.jpg
MUESTRA_388,MUESTRA_388.jpg,train,raw/MUESTRA_388.jpg
MUESTRA_1686,MUESTRA_1686.jpg,train,raw/MUESTRA_1686.jpg
MUESTRA_1261,MUESTRA_1261.jpg,train,raw/MUESTRA_1261.jpg
MUESTRA_1798,MUESTRA_1798.jpg,train,raw/MUESTRA_1798.jpg
MUESTRA_1776,MUESTRA_1776.jpg,train,raw/MUESTRA_1776.jpg
MUESTRA_781,MUESTRA_781.jpg,train,raw/MUESTRA_781.jpg
MUESTRA_1505,MUESTRA_1505.jpg,train,raw/MUESTRA_1505.jpg
MUESTRA_424,MUESTRA_424.jpg,train,raw/MUESTRA_424.jpg
MUESTRA_952,MUESTRA_952.jpg,train,raw/MUESTRA_952.jpg
MUESTRA_628,MUESTRA_628.jpg,train,raw/MUESTRA_628.jpg
MUESTRA_979,MUESTRA_979.jpg,train,raw/MUESTRA_979.jpg
MUESTRA_694,MUESTRA_694.jpg,train,raw/MUESTRA_694.jpg
MUESTRA_1173,MUESTRA_1173.jpg,train,raw/MUESTRA_1173.jpg
MUESTRA_1511,MUESTRA_1511.jpg,train,raw/MUESTRA_1511.jpg
MUESTRA_901,MUESTRA_901.jpg,train,raw/MUESTRA_901.jpg
MUESTRA_510,MUESTRA_510.jpg,train,raw/MUESTRA_510.jpg
MUESTRA_1565,MUESTRA_1565.jpg,train,raw/MUESTRA_1565.jpg
MUESTRA_1567,MUESTRA_1567.jpg,train,raw/MUESTRA_1567.jpg
MUESTRA_1782,MUESTRA_1782.jpg,train,raw/MUESTRA_1782.jpg
MUESTRA_1104,MUESTRA_1104.jpg,train,raw/MUESTRA_1104.jpg
MUESTRA_544,MUESTRA_544.jpg,train,raw/MUESTRA_544.jpg
MUESTRA_1977,MUESTRA_1977.jpg,train,raw/MUESTRA_1977.jpg
MUESTRA_1384,MUESTRA_1384.jpg,train,raw/MUESTRA_1384.jpg
MUESTRA_1343,MUESTRA_1343.jpg,train,raw/MUESTRA_1343.jpg
MUESTRA_795,MUESTRA_795.jpg,train,raw/MUESTRA_795.jpg
MUESTRA_410,MUESTRA_410.jpg,train,raw/MUESTRA_410.jpg
MUESTRA_858,MUESTRA_858.jpg,train,raw/MUESTRA_858.jpg
MUESTRA_1927,MUESTRA_1927.jpg,train,raw/MUESTRA_1927.jpg
MUESTRA_861,MUESTRA_861.jpg,train,raw/MUESTRA_861.jpg
MUESTRA_1273,MUESTRA_1273.jpg,train,raw/MUESTRA_1273.jpg
MUESTRA_1923,MUESTRA_1923.jpg,train,raw/MUESTRA_1923.jpg
MUESTRA_674,MUESTRA_674.jpg,train,raw/MUESTRA_674.jpg
MUESTRA_618,MUESTRA_618.jpg,train,raw/MUESTRA_618.jpg
MUESTRA_405,MUESTRA_405.jpg,train,raw/MUESTRA_405.jpg
MUESTRA_1746,MUESTRA_1746.jpg,train,raw/MUESTRA_1746.jpg
MUESTRA_620,MUESTRA_620.jpg,train,raw/MUESTRA_620.jpg
MUESTRA_504,MUESTRA_504.jpg,train,raw/MUESTRA_504.jpg
MUESTRA_1464,MUESTRA_1464.jpg,train,raw/MUESTRA_1464.jpg
MUESTRA_1672,MUESTRA_1672.jpg,train,raw/MUESTRA_1672.jpg
MUESTRA_1586,MUESTRA_1586.jpg,train,raw/MUESTRA_1586.jpg
MUESTRA_352,MUESTRA_352.jpg,train,raw/MUESTRA_352.jpg
MUESTRA_1033,MUESTRA_1033.jpg,train,raw/MUESTRA_1033.jpg
MUESTRA_514,MUESTRA_514.jpg,train,raw/MUESTRA_514.jpg
MUESTRA_1286,MUESTRA_1286.jpg,train,raw/MUESTRA_1286.jpg
MUESTRA_1761,MUESTRA_1761.jpg,train,raw/MUESTRA_1761.jpg
MUESTRA_961,MUESTRA_961.jpg,train,raw/MUESTRA_961.jpg
MUESTRA_851,MUESTRA_851.jpg,train,raw/MUESTRA_851.jpg
MUESTRA_1833,MUESTRA_1833.jpg,train,raw/MUESTRA_1833.jpg
MUESTRA_1223,MUESTRA_1223.jpg,train,raw/MUESTRA_1223.jpg
MUESTRA_755,MUESTRA_755.jpg,train,raw/MUESTRA_755.jpg
MUESTRA_1917,MUESTRA_1917.jpg,train,raw/MUESTRA_1917.jpg
MUESTRA_1641,MUESTRA_1641.jpg,train,raw/MUESTRA_1641.jpg
MUESTRA_519,MUESTRA_519.jpg,train,raw/MUESTRA_519.jpg
MUESTRA_528,MUESTRA_528.jpg,train,raw/MUESTRA_528.jpg
MUESTRA_1014,MUESTRA_1014.jpg,train,raw/MUESTRA_1014.jpg
MUESTRA_222,MUESTRA_222.jpg,train,raw/MUESTRA_222.jpg
MUESTRA_454,MUESTRA_454.jpg,train,raw/MUESTRA_454.jpg
MUESTRA_566,MUESTRA_566.jpg,train,raw/MUESTRA_566.jpg
MUESTRA_176,MUESTRA_176.jpg,train,raw/MUESTRA_176.jpg
MUESTRA_1080,MUESTRA_1080.jpg,train,raw/MUESTRA_1080.jpg
MUESTRA_277,MUESTRA_277.jpg,train,raw/MUESTRA_277.jpg
MUESTRA_1975,MUESTRA_1975.jpg,train,raw/MUESTRA_1975.jpg
MUESTRA_1726,MUESTRA_1726.jpg,train,raw/MUESTRA_1726.jpg
MUESTRA_874,MUESTRA_874.jpg,train,raw/MUESTRA_874.jpg
MUESTRA_1803,MUESTRA_1803.jpg,train,raw/MUESTRA_1803.jpg
MUESTRA_915,MUESTRA_915.jpg,train,raw/MUESTRA_915.jpg
MUESTRA_451,MUESTRA_451.jpg,train,raw/MUESTRA_451.jpg
MUESTRA_1008,MUESTRA_1008.jpg,train,raw/MUESTRA_1008.jpg
MUESTRA_1892,MUESTRA_1892.jpg,train,raw/MUESTRA_1892.jpg
MUESTRA_1846,MUESTRA_1846.jpg,train,raw/MUESTRA_1846.jpg
MUESTRA_227,MUESTRA_227.jpg,train,raw/MUESTRA_227.jpg
MUESTRA_1073,MUESTRA_1073.jpg,train,raw/MUESTRA_1073.jpg
MUESTRA_1054,MUESTRA_1054.jpg,train,raw/MUESTRA_1054.jpg
MUESTRA_1189,MUESTRA_1189.jpg,train,raw/MUESTRA_1189.jpg
MUESTRA_418,MUESTRA_418.jpg,train,raw/MUESTRA_418.jpg
MUESTRA_787,MUESTRA_787.jpg,train,raw/MUESTRA_787.jpg
MUESTRA_1842,MUESTRA_1842.jpg,train,raw/MUESTRA_1842.jpg
MUESTRA_1968,MUESTRA_1968.jpg,train,raw/MUESTRA_1968.jpg
MUESTRA_1259,MUESTRA_1259.jpg,train,raw/MUESTRA_1259.jpg
MUESTRA_443,MUESTRA_443.jpg,train,raw/MUESTRA_443.jpg
MUESTRA_1074,MUESTRA_1074.jpg,train,raw/MUESTRA_1074.jpg
MUESTRA_1729,MUESTRA_1729.jpg,train,raw/MUESTRA_1729.jpg
MUESTRA_587,MUESTRA_587.jpg,train,raw/MUESTRA_587.jpg
MUESTRA_1994,MUESTRA_1994.jpg,train,raw/MUESTRA_1994.jpg
MUESTRA_1722,MUESTRA_1722.jpg,train,raw/MUESTRA_1722.jpg
MUESTRA_1827,MUESTRA_1827.jpg,train,raw/MUESTRA_1827.jpg
MUESTRA_660,MUESTRA_660.jpg,train,raw/MUESTRA_660.jpg
MUESTRA_1577,MUESTRA_1577.jpg,train,raw/MUESTRA_1577.jpg
MUESTRA_647,MUESTRA_647.jpg,train,raw/MUESTRA_647.jpg
MUESTRA_1959,MUESTRA_1959.jpg,train,raw/MUESTRA_1959.jpg
MUESTRA_1843,MUESTRA_1843.jpg,train,raw/MUESTRA_1843.jpg
MUESTRA_1287,MUESTRA_1287.jpg,train,raw/MUESTRA_1287.jpg
MUESTRA_307,MUESTRA_307.jpg,train,raw/MUESTRA_307.jpg
MUESTRA_1253,MUESTRA_1253.jpg,train,raw/MUESTRA_1253.jpg
MUESTRA_1256,MUESTRA_1256.jpg,train,raw/MUESTRA_1256.jpg
MUESTRA_050,MUESTRA_050.jpg,train,raw/MUESTRA_050.jpg
MUESTRA_1507,MUESTRA_1507.jpg,train,raw/MUESTRA_1507.jpg
MUESTRA_158,MUESTRA_158.jpg,train,raw/MUESTRA_158.jpg
MUESTRA_719,MUESTRA_719.jpg,train,raw/MUESTRA_719.jpg
MUESTRA_1791,MUESTRA_1791.jpg,train,raw/MUESTRA_1791.jpg
MUESTRA_759,MUESTRA_759.jpg,train,raw/MUESTRA_759.jpg
MUESTRA_924,MUESTRA_924.jpg,train,raw/MUESTRA_924.jpg
MUESTRA_1532,MUESTRA_1532.jpg,train,raw/MUESTRA_1532.jpg
MUESTRA_1229,MUESTRA_1229.jpg,train,raw/MUESTRA_1229.jpg
MUESTRA_421,MUESTRA_421.jpg,train,raw/MUESTRA_421.jpg
MUESTRA_348,MUESTRA_348.jpg,train,raw/MUESTRA_348.jpg
MUESTRA_822,MUESTRA_822.jpg,train,raw/MUESTRA_822.jpg
MUESTRA_439,MUESTRA_439.jpg,train,raw/MUESTRA_439.jpg
MUESTRA_413,MUESTRA_413.jpg,train,raw/MUESTRA_413.jpg
MUESTRA_325,MUESTRA_325.jpg,train,raw/MUESTRA_325.jpg
MUESTRA_1055,MUESTRA_1055.jpg,train,raw/MUESTRA_1055.jpg
MUESTRA_921,MUESTRA_921.jpg,train,raw/MUESTRA_921.jpg
MUESTRA_878,MUESTRA_878.jpg,train,raw/MUESTRA_878.jpg
MUESTRA_369,MUESTRA_369.jpg,train,raw/MUESTRA_369.jpg
MUESTRA_752,MUESTRA_752.jpg,train,raw/MUESTRA_752.jpg
MUESTRA_202,MUESTRA_202.jpg,train,raw/MUESTRA_202.jpg
MUESTRA_1727,MUESTRA_1727.jpg,train,raw/MUESTRA_1727.jpg
MUESTRA_918,MUESTRA_918.jpg,train,raw/MUESTRA_918.jpg
MUESTRA_1101,MUESTRA_1101.jpg,train,raw/MUESTRA_1101.jpg
MUESTRA_717,MUESTRA_717.jpg,train,raw/MUESTRA_717.jpg
MUESTRA_1433,MUESTRA_1433.jpg,train,raw/MUESTRA_1433.jpg
MUESTRA_1480,MUESTRA_1480.jpg,train,raw/MUESTRA_1480.jpg
MUESTRA_1350,MUESTRA_1350.jpg,train,raw/MUESTRA_1350.jpg
MUESTRA_180,MUESTRA_180.jpg,train,raw/MUESTRA_180.jpg
MUESTRA_1904,MUESTRA_1904.jpg,train,raw/MUESTRA_1904.jpg
MUESTRA_1245,MUESTRA_1245.jpg,train,raw/MUESTRA_1245.jpg
MUESTRA_1902,MUESTRA_1902.jpg,train,raw/MUESTRA_1902.jpg
MUESTRA_1829,MUESTRA_1829.jpg,train,raw/MUESTRA_1829.jpg
MUESTRA_1808,MUESTRA_1808.jpg,train,raw/MUESTRA_1808.jpg
MUESTRA_903,MUESTRA_903.jpg,train,raw/MUESTRA_903.jpg
MUESTRA_617,MUESTRA_617.jpg,train,raw/MUESTRA_617.jpg
MUESTRA_1490,MUESTRA_1490.jpg,train,raw/MUESTRA_1490.jpg
MUESTRA_318,MUESTRA_318.jpg,train,raw/MUESTRA_318.jpg
MUESTRA_1236,MUESTRA_1236.jpg,train,raw/MUESTRA_1236.jpg
MUESTRA_847,MUESTRA_847.jpg,train,raw/MUESTRA_847.jpg
MUESTRA_438,MUESTRA_438.jpg,train,raw/MUESTRA_438.jpg
MUESTRA_111,MUESTRA_111.jpg,train,raw/MUESTRA_111.jpg
MUESTRA_1831,MUESTRA_1831.jpg,train,raw/MUESTRA_1831.jpg
MUESTRA_1739,MUESTRA_1739.jpg,train,raw/MUESTRA_1739.jpg
MUESTRA_1590,MUESTRA_1590.jpg,train,raw/MUESTRA_1590.jpg
MUESTRA_556,MUESTRA_556.jpg,train,raw/MUESTRA_556.jpg
MUESTRA_1394,MUESTRA_1394.jpg,train,raw/MUESTRA_1394.jpg
MUESTRA_592,MUESTRA_592.jpg,train,raw/MUESTRA_592.jpg
MUESTRA_459,MUESTRA_459.jpg,train,raw/MUESTRA_459.jpg
MUESTRA_390,MUESTRA_390.jpg,train,raw/MUESTRA_390.jpg
MUESTRA_1689,MUESTRA_1689.jpg,train,raw/MUESTRA_1689.jpg
MUESTRA_1164,MUESTRA_1164.jpg,train,raw/MUESTRA_1164.jpg
MUESTRA_1181,MUESTRA_1181.jpg,train,raw/MUESTRA_1181.jpg
MUESTRA_1601,MUESTRA_1601.jpg,train,raw/MUESTRA_1601.jpg
MUESTRA_120,MUESTRA_120.jpg,train,raw/MUESTRA_120.jpg
MUESTRA_1955,MUESTRA_1955.jpg,train,raw/MUESTRA_1955.jpg
MUESTRA_384,MUESTRA_384.jpg,train,raw/MUESTRA_384.jpg
MUESTRA_1730,MUESTRA_1730.jpg,train,raw/MUESTRA_1730.jpg
MUESTRA_1561,MUESTRA_1561.jpg,train,raw/MUESTRA_1561.jpg
MUESTRA_1669,MUESTRA_1669.jpg,train,raw/MUESTRA_1669.jpg
MUESTRA_1752,MUESTRA_1752.jpg,train,raw/MUESTRA_1752.jpg
MUESTRA_558,MUESTRA_558.jpg,train,raw/MUESTRA_558.jpg
MUESTRA_345,MUESTRA_345.jpg,train,raw/MUESTRA_345.jpg
MUESTRA_1628,MUESTRA_1628.jpg,train,raw/MUESTRA_1628.jpg
MUESTRA_1116,MUESTRA_1116.jpg,train,raw/MUESTRA_1116.jpg
MUESTRA_1928,MUESTRA_1928.jpg,train,raw/MUESTRA_1928.jpg
MUESTRA_1240,MUESTRA_1240.jpg,train,raw/MUESTRA_1240.jpg
MUESTRA_848,MUESTRA_848.jpg,train,raw/MUESTRA_848.jpg
MUESTRA_1795,MUESTRA_1795.jpg,train,raw/MUESTRA_1795.jpg
MUESTRA_960,MUESTRA_960.jpg,train,raw/MUESTRA_960.jpg
MUESTRA_734,MUESTRA_734.jpg,train,raw/MUESTRA_734.jpg
MUESTRA_814,MUESTRA_814.jpg,train,raw/MUESTRA_814.jpg
MUESTRA_1426,MUESTRA_1426.jpg,train,raw/MUESTRA_1426.jpg
MUESTRA_032,MUESTRA_032.jpg,train,raw/MUESTRA_032.jpg
MUESTRA_873,MUESTRA_873.jpg,train,raw/MUESTRA_873.jpg
MUESTRA_281,MUESTRA_281.jpg,train,raw/MUESTRA_281.jpg
MUESTRA_1638,MUESTRA_1638.jpg,train,raw/MUESTRA_1638.jpg
MUESTRA_612,MUESTRA_612.jpg,train,raw/MUESTRA_612.jpg
MUESTRA_1378,MUESTRA_1378.jpg,train,raw/MUESTRA_1378.jpg
MUESTRA_1864,MUESTRA_1864.jpg,train,raw/MUESTRA_1864.jpg
MUESTRA_189,MUESTRA_189.jpg,train,raw/MUESTRA_189.jpg
MUESTRA_1723,MUESTRA_1723.jpg,train,raw/MUESTRA_1723.jpg
MUESTRA_210,MUESTRA_210.jpg,train,raw/MUESTRA_210.jpg
MUESTRA_702,MUESTRA_702.jpg,train,raw/MUESTRA_702.jpg
MUESTRA_871,MUESTRA_871.jpg,train,raw/MUESTRA_871.jpg
MUESTRA_596,MUESTRA_596.jpg,train,raw/MUESTRA_596.jpg
MUESTRA_521,MUESTRA_521.jpg,train,raw/MUESTRA_521.jpg
MUESTRA_1627,MUESTRA_1627.jpg,train,raw/MUESTRA_1627.jpg
MUESTRA_054,MUESTRA_054.jpg,train,raw/MUESTRA_054.jpg
MUESTRA_1611,MUESTRA_1611.jpg,train,raw/MUESTRA_1611.jpg
MUESTRA_1979,MUESTRA_1979.jpg,train,raw/MUESTRA_1979.jpg
MUESTRA_807,MUESTRA_807.jpg,train,raw/MUESTRA_807.jpg
MUESTRA_1738,MUESTRA_1738.jpg,train,raw/MUESTRA_1738.jpg
MUESTRA_1130,MUESTRA_1130.jpg,train,raw/MUESTRA_1130.jpg
MUESTRA_1242,MUESTRA_1242.jpg,train,raw/MUESTRA_1242.jpg
MUESTRA_1619,MUESTRA_1619.jpg,train,raw/MUESTRA_1619.jpg
MUESTRA_854,MUESTRA_854.jpg,train,raw/MUESTRA_854.jpg
MUESTRA_1788,MUESTRA_1788.jpg,train,raw/MUESTRA_1788.jpg
MUESTRA_1011,MUESTRA_1011.jpg,train,raw/MUESTRA_1011.jpg
MUESTRA_985,MUESTRA_985.jpg,train,raw/MUESTRA_985.jpg
MUESTRA_1510,MUESTRA_1510.jpg,train,raw/MUESTRA_1510.jpg
MUESTRA_1875,MUESTRA_1875.jpg,train,raw/MUESTRA_1875.jpg
MUESTRA_1678,MUESTRA_1678.jpg,train,raw/MUESTRA_1678.jpg
MUESTRA_282,MUESTRA_282.jpg,train,raw/MUESTRA_282.jpg
MUESTRA_1663,MUESTRA_1663.jpg,train,raw/MUESTRA_1663.jpg
MUESTRA_877,MUESTRA_877.jpg,train,raw/MUESTRA_877.jpg
MUESTRA_778,MUESTRA_778.jpg,train,raw/MUESTRA_778.jpg
MUESTRA_1126,MUESTRA_1126.jpg,train,raw/MUESTRA_1126.jpg
MUESTRA_423,MUESTRA_423.jpg,train,raw/MUESTRA_423.jpg
MUESTRA_532,MUESTRA_532.jpg,train,raw/MUESTRA_532.jpg
MUESTRA_1595,MUESTRA_1595.jpg,train,raw/MUESTRA_1595.jpg
MUESTRA_1976,MUESTRA_1976.jpg,train,raw/MUESTRA_1976.jpg
MUESTRA_1026,MUESTRA_1026.jpg,train,raw/MUESTRA_1026.jpg
MUESTRA_649,MUESTRA_649.jpg,train,raw/MUESTRA_649.jpg
MUESTRA_336,MUESTRA_336.jpg,train,raw/MUESTRA_336.jpg
MUESTRA_997,MUESTRA_997.jpg,train,raw/MUESTRA_997.jpg
MUESTRA_818,MUESTRA_818.jpg,train,raw/MUESTRA_818.jpg
MUESTRA_788,MUESTRA_788.jpg,train,raw/MUESTRA_788.jpg
MUESTRA_565,MUESTRA_565.jpg,train,raw/MUESTRA_565.jpg
MUESTRA_689,MUESTRA_689.jpg,train,raw/MUESTRA_689.jpg
MUESTRA_1023,MUESTRA_1023.jpg,train,raw/MUESTRA_1023.jpg
MUESTRA_590,MUESTRA_590.jpg,train,raw/MUESTRA_590.jpg
MUESTRA_1670,MUESTRA_1670.jpg,train,raw/MUESTRA_1670.jpg
MUESTRA_1986,MUESTRA_1986.jpg,train,raw/MUESTRA_1986.jpg
MUESTRA_063,MUESTRA_063.jpg,train,raw/MUESTRA_063.jpg
MUESTRA_1551,MUESTRA_1551.jpg,train,raw/MUESTRA_1551.jpg
MUESTRA_567,MUESTRA_567.jpg,train,raw/MUESTRA_567.jpg
MUESTRA_1251,MUESTRA_1251.jpg,train,raw/MUESTRA_1251.jpg
MUESTRA_737,MUESTRA_737.jpg,train,raw/MUESTRA_737.jpg
MUESTRA_1247,MUESTRA_1247.jpg,train,raw/MUESTRA_1247.jpg
MUESTRA_1129,MUESTRA_1129.jpg,train,raw/MUESTRA_1129.jpg
MUESTRA_711,MUESTRA_711.jpg,train,raw/MUESTRA_711.jpg
MUESTRA_1584,MUESTRA_1584.jpg,train,raw/MUESTRA_1584.jpg
MUESTRA_420,MUESTRA_420.jpg,train,raw/MUESTRA_420.jpg
MUESTRA_1529,MUESTRA_1529.jpg,train,raw/MUESTRA_1529.jpg
MUESTRA_034,MUESTRA_034.jpg,train,raw/MUESTRA_034.jpg
MUESTRA_117,MUESTRA_117.jpg,train,raw/MUESTRA_117.jpg
MUESTRA_991,MUESTRA_991.jpg,train,raw/MUESTRA_991.jpg
MUESTRA_1657,MUESTRA_1657.jpg,train,raw/MUESTRA_1657.jpg
MUESTRA_1001,MUESTRA_1001.jpg,train,raw/MUESTRA_1001.jpg
MUESTRA_274,MUESTRA_274.jpg,train,raw/MUESTRA_274.jpg
MUESTRA_933,MUESTRA_933.jpg,train,raw/MUESTRA_933.jpg
MUESTRA_900,MUESTRA_900.jpg,train,raw/MUESTRA_900.jpg
MUESTRA_1960,MUESTRA_1960.jpg,train,raw/MUESTRA_1960.jpg
MUESTRA_1906,MUESTRA_1906.jpg,train,raw/MUESTRA_1906.jpg
MUESTRA_1331,MUESTRA_1331.jpg,train,raw/MUESTRA_1331.jpg
MUESTRA_1899,MUESTRA_1899.jpg,train,raw/MUESTRA_1899.jpg
MUESTRA_707,MUESTRA_707.jpg,train,raw/MUESTRA_707.jpg
MUESTRA_141,MUESTRA_141.jpg,train,raw/MUESTRA_141.jpg
MUESTRA_1594,MUESTRA_1594.jpg,train,raw/MUESTRA_1594.jpg
MUESTRA_1508,MUESTRA_1508.jpg,train,raw/MUESTRA_1508.jpg
MUESTRA_906,MUESTRA_906.jpg,train,raw/MUESTRA_906.jpg
MUESTRA_875,MUESTRA_875.jpg,train,raw/MUESTRA_875.jpg
MUESTRA_1804,MUESTRA_1804.jpg,train,raw/MUESTRA_1804.jpg
MUESTRA_039,MUESTRA_039.jpg,train,raw/MUESTRA_039.jpg
MUESTRA_047,MUESTRA_047.jpg,train,raw/MUESTRA_047.jpg
MUESTRA_398,MUESTRA_398.jpg,train,raw/MUESTRA_398.jpg
MUESTRA_615,MUESTRA_615.jpg,train,raw/MUESTRA_615.jpg
MUESTRA_1758,MUESTRA_1758.jpg,train,raw/MUESTRA_1758.jpg
MUESTRA_1673,MUESTRA_1673.jpg,train,raw/MUESTRA_1673.jpg
MUESTRA_1341,MUESTRA_1341.jpg,train,raw/MUESTRA_1341.jpg
MUESTRA_706,MUESTRA_706.jpg,train,raw/MUESTRA_706.jpg
MUESTRA_1115,MUESTRA_1115.jpg,train,raw/MUESTRA_1115.jpg
MUESTRA_1992,MUESTRA_1992.jpg,train,raw/MUESTRA_1992.jpg
MUESTRA_1431,MUESTRA_1431.jpg,train,raw/MUESTRA_1431.jpg
MUESTRA_1885,MUESTRA_1885.jpg,train,raw/MUESTRA_1885.jpg
MUESTRA_1348,MUESTRA_1348.jpg,train,raw/MUESTRA_1348.jpg
MUESTRA_1640,MUESTRA_1640.jpg,train,raw/MUESTRA_1640.jpg
MUESTRA_676,MUESTRA_676.jpg,train,raw/MUESTRA_676.jpg
MUESTRA_598,MUESTRA_598.jpg,train,raw/MUESTRA_598.jpg
MUESTRA_1531,MUESTRA_1531.jpg,train,raw/MUESTRA_1531.jpg
MUESTRA_1889,MUESTRA_1889.jpg,train,raw/MUESTRA_1889.jpg
MUESTRA_569,MUESTRA_569.jpg,train,raw/MUESTRA_569.jpg
MUESTRA_441,MUESTRA_441.jpg,train,raw/MUESTRA_441.jpg
MUESTRA_1741,MUESTRA_1741.jpg,train,raw/MUESTRA_1741.jpg
MUESTRA_1024,MUESTRA_1024.jpg,train,raw/MUESTRA_1024.jpg
MUESTRA_1956,MUESTRA_1956.jpg,train,raw/MUESTRA_1956.jpg
MUESTRA_1835,MUESTRA_1835.jpg,train,raw/MUESTRA_1835.jpg
MUESTRA_170,MUESTRA_170.jpg,train,raw/MUESTRA_170.jpg
MUESTRA_1277,MUESTRA_1277.jpg,train,raw/MUESTRA_1277.jpg
MUESTRA_999,MUESTRA_999.jpg,train,raw/MUESTRA_999.jpg
MUESTRA_1600,MUESTRA_1600.jpg,train,raw/MUESTRA_1600.jpg
MUESTRA_897,MUESTRA_897.jpg,train,raw/MUESTRA_897.jpg
MUESTRA_923,MUESTRA_923.jpg,train,raw/MUESTRA_923.jpg
MUESTRA_112,MUESTRA_112.jpg,train,raw/MUESTRA_112.jpg
MUESTRA_1040,MUESTRA_1040.jpg,train,raw/MUESTRA_1040.jpg
MUESTRA_078,MUESTRA_078.jpg,train,raw/MUESTRA_078.jpg
MUESTRA_1806,MUESTRA_1806.jpg,train,raw/MUESTRA_1806.jpg
MUESTRA_1826,MUESTRA_1826.jpg,train,raw/MUESTRA_1826.jpg
MUESTRA_1610,MUESTRA_1610.jpg,train,raw/MUESTRA_1610.jpg
MUESTRA_400,MUESTRA_400.jpg,train,raw/MUESTRA_400.jpg
MUESTRA_760,MUESTRA_760.jpg,train,raw/MUESTRA_760.jpg
MUESTRA_1149,MUESTRA_1149.jpg,train,raw/MUESTRA_1149.jpg
MUESTRA_1062,MUESTRA_1062.jpg,train,raw/MUESTRA_1062.jpg
MUESTRA_968,MUESTRA_968.jpg,train,raw/MUESTRA_968.jpg
MUESTRA_1376,MUESTRA_1376.jpg,train,raw/MUESTRA_1376.jpg
MUESTRA_1571,MUESTRA_1571.jpg,train,raw/MUESTRA_1571.jpg
MUESTRA_125,MUESTRA_125.jpg,train,raw/MUESTRA_125.jpg
MUESTRA_404,MUESTRA_404.jpg,train,raw/MUESTRA_404.jpg
MUESTRA_866,MUESTRA_866.jpg,train,raw/MUESTRA_866.jpg
MUESTRA_190,MUESTRA_190.jpg,train,raw/MUESTRA_190.jpg
MUESTRA_927,MUESTRA_927.jpg,train,raw/MUESTRA_927.jpg
MUESTRA_270,MUESTRA_270.jpg,train,raw/MUESTRA_270.jpg
MUESTRA_887,MUESTRA_887.jpg,train,raw/MUESTRA_887.jpg
MUESTRA_164,MUESTRA_164.jpg,train,raw/MUESTRA_164.jpg
MUESTRA_159,MUESTRA_159.jpg,train,raw/MUESTRA_159.jpg
MUESTRA_1713,MUESTRA_1713.jpg,train,raw/MUESTRA_1713.jpg
MUESTRA_1249,MUESTRA_1249.jpg,train,raw/MUESTRA_1249.jpg
MUESTRA_989,MUESTRA_989.jpg,train,raw/MUESTRA_989.jpg
MUESTRA_035,MUESTRA_035.jpg,train,raw/MUESTRA_035.jpg
MUESTRA_540,MUESTRA_540.jpg,train,raw/MUESTRA_540.jpg
MUESTRA_467,MUESTRA_467.jpg,train,raw/MUESTRA_467.jpg
MUESTRA_951,MUESTRA_951.jpg,train,raw/MUESTRA_951.jpg
MUESTRA_394,MUESTRA_394.jpg,train,raw/MUESTRA_394.jpg
MUESTRA_100,MUESTRA_100.jpg,train,raw/MUESTRA_100.jpg
MUESTRA_876,MUESTRA_876.jpg,train,raw/MUESTRA_876.jpg
MUESTRA_984,MUESTRA_984.jpg,train,raw/MUESTRA_984.jpg
MUESTRA_720,MUESTRA_720.jpg,train,raw/MUESTRA_720.jpg
MUESTRA_582,MUESTRA_582.jpg,train,raw/MUESTRA_582.jpg
MUESTRA_1086,MUESTRA_1086.jpg,train,raw/MUESTRA_1086.jpg
MUESTRA_1501,MUESTRA_1501.jpg,train,raw/MUESTRA_1501.jpg
MUESTRA_830,MUESTRA_830.jpg,train,raw/MUESTRA_830.jpg
MUESTRA_1962,MUESTRA_1962.jpg,train,raw/MUESTRA_1962.jpg
MUESTRA_1474,MUESTRA_1474.jpg,train,raw/MUESTRA_1474.jpg
MUESTRA_1123,MUESTRA_1123.jpg,train,raw/MUESTRA_1123.jpg
MUESTRA_1176,MUESTRA_1176.jpg,train,raw/MUESTRA_1176.jpg
MUESTRA_1867,MUESTRA_1867.jpg,train,raw/MUESTRA_1867.jpg
MUESTRA_1473,MUESTRA_1473.jpg,train,raw/MUESTRA_1473.jpg
MUESTRA_859,MUESTRA_859.jpg,train,raw/MUESTRA_859.jpg
MUESTRA_305,MUESTRA_305.jpg,train,raw/MUESTRA_305.jpg
MUESTRA_009,MUESTRA_009.jpg,train,raw/MUESTRA_009.jpg
MUESTRA_1165,MUESTRA_1165.jpg,train,raw/MUESTRA_1165.jpg
MUESTRA_1278,MUESTRA_1278.jpg,train,raw/MUESTRA_1278.jpg
MUESTRA_1522,MUESTRA_1522.jpg,train,raw/MUESTRA_1522.jpg
MUESTRA_023,MUESTRA_023.jpg,train,raw/MUESTRA_023.jpg
MUESTRA_733,MUESTRA_733.jpg,train,raw/MUESTRA_733.jpg
MUESTRA_895,MUESTRA_895.jpg,train,raw/MUESTRA_895.jpg
MUESTRA_1444,MUESTRA_1444.jpg,train,raw/MUESTRA_1444.jpg
MUESTRA_624,MUESTRA_624.jpg,train,raw/MUESTRA_624.jpg
MUESTRA_745,MUESTRA_745.jpg,train,raw/MUESTRA_745.jpg
MUESTRA_245,MUESTRA_245.jpg,train,raw/MUESTRA_245.jpg
MUESTRA_765,MUESTRA_765.jpg,train,raw/MUESTRA_765.jpg
MUESTRA_756,MUESTRA_756.jpg,train,raw/MUESTRA_756.jpg
MUESTRA_1682,MUESTRA_1682.jpg,train,raw/MUESTRA_1682.jpg
MUESTRA_922,MUESTRA_922.jpg,train,raw/MUESTRA_922.jpg
MUESTRA_1857,MUESTRA_1857.jpg,train,raw/MUESTRA_1857.jpg
MUESTRA_1190,MUESTRA_1190.jpg,train,raw/MUESTRA_1190.jpg
MUESTRA_165,MUESTRA_165.jpg,train,raw/MUESTRA_165.jpg
MUESTRA_1789,MUESTRA_1789.jpg,train,raw/MUESTRA_1789.jpg
MUESTRA_1942,MUESTRA_1942.jpg,train,raw/MUESTRA_1942.jpg
MUESTRA_828,MUESTRA_828.jpg,train,raw/MUESTRA_828.jpg
MUESTRA_1863,MUESTRA_1863.jpg,train,raw/MUESTRA_1863.jpg
MUESTRA_166,MUESTRA_166.jpg,train,raw/MUESTRA_166.jpg
MUESTRA_731,MUESTRA_731.jpg,train,raw/MUESTRA_731.jpg
MUESTRA_1881,MUESTRA_1881.jpg,train,raw/MUESTRA_1881.jpg
MUESTRA_076,MUESTRA_076.jpg,train,raw/MUESTRA_076.jpg
MUESTRA_758,MUESTRA_758.jpg,train,raw/MUESTRA_758.jpg
MUESTRA_1418,MUESTRA_1418.jpg,train,raw/MUESTRA_1418.jpg
MUESTRA_154,MUESTRA_154.jpg,train,raw/MUESTRA_154.jpg
MUESTRA_1591,MUESTRA_1591.jpg,train,raw/MUESTRA_1591.jpg
MUESTRA_912,MUESTRA_912.jpg,train,raw/MUESTRA_912.jpg
MUESTRA_010,MUESTRA_010.jpg,train,raw/MUESTRA_010.jpg
MUESTRA_153,MUESTRA_153.jpg,train,raw/MUESTRA_153.jpg
MUESTRA_240,MUESTRA_240.jpg,train,raw/MUESTRA_240.jpg
MUESTRA_1337,MUESTRA_1337.jpg,train,raw/MUESTRA_1337.jpg
MUESTRA_911,MUESTRA_911.jpg,train,raw/MUESTRA_911.jpg
MUESTRA_1503,MUESTRA_1503.jpg,train,raw/MUESTRA_1503.jpg
MUESTRA_1693,MUESTRA_1693.jpg,train,raw/MUESTRA_1693.jpg
MUESTRA_1125,MUESTRA_1125.jpg,train,raw/MUESTRA_1125.jpg
MUESTRA_894,MUESTRA_894.jpg,train,raw/MUESTRA_894.jpg
MUESTRA_1452,MUESTRA_1452.jpg,train,raw/MUESTRA_1452.jpg
MUESTRA_665,MUESTRA_665.jpg,train,raw/MUESTRA_665.jpg
MUESTRA_1133,MUESTRA_1133.jpg,train,raw/MUESTRA_1133.jpg
MUESTRA_1545,MUESTRA_1545.jpg,train,raw/MUESTRA_1545.jpg
MUESTRA_1486,MUESTRA_1486.jpg,train,raw/MUESTRA_1486.jpg
MUESTRA_1935,MUESTRA_1935.jpg,train,raw/MUESTRA_1935.jpg
MUESTRA_1477,MUESTRA_1477.jpg,train,raw/MUESTRA_1477.jpg
MUESTRA_081,MUESTRA_081.jpg,train,raw/MUESTRA_081.jpg
MUESTRA_1772,MUESTRA_1772.jpg,train,raw/MUESTRA_1772.jpg
MUESTRA_1868,MUESTRA_1868.jpg,train,raw/MUESTRA_1868.jpg
MUESTRA_1077,MUESTRA_1077.jpg,train,raw/MUESTRA_1077.jpg
MUESTRA_1971,MUESTRA_1971.jpg,train,raw/MUESTRA_1971.jpg
MUESTRA_1840,MUESTRA_1840.jpg,train,raw/MUESTRA_1840.jpg
MUESTRA_1750,MUESTRA_1750.jpg,train,raw/MUESTRA_1750.jpg
MUESTRA_422,MUESTRA_422.jpg,train,raw/MUESTRA_422.jpg
MUESTRA_1137,MUESTRA_1137.jpg,train,raw/MUESTRA_1137.jpg
MUESTRA_337,MUESTRA_337.jpg,train,raw/MUESTRA_337.jpg
MUESTRA_1310,MUESTRA_1310.jpg,train,raw/MUESTRA_1310.jpg
MUESTRA_1258,MUESTRA_1258.jpg,train,raw/MUESTRA_1258.jpg
MUESTRA_1895,MUESTRA_1895.jpg,train,raw/MUESTRA_1895.jpg
MUESTRA_1182,MUESTRA_1182.jpg,train,raw/MUESTRA_1182.jpg
MUESTRA_058,MUESTRA_058.jpg,train,raw/MUESTRA_058.jpg
MUESTRA_465,MUESTRA_465.jpg,train,raw/MUESTRA_465.jpg
MUESTRA_048,MUESTRA_048.jpg,train,raw/MUESTRA_048.jpg
MUESTRA_907,MUESTRA_907.jpg,train,raw/MUESTRA_907.jpg
MUESTRA_1188,MUESTRA_1188.jpg,train,raw/MUESTRA_1188.jpg
MUESTRA_725,MUESTRA_725.jpg,train,raw/MUESTRA_725.jpg
MUESTRA_1064,MUESTRA_1064.jpg,train,raw/MUESTRA_1064.jpg
MUESTRA_1322,MUESTRA_1322.jpg,train,raw/MUESTRA_1322.jpg
MUESTRA_414,MUESTRA_414.jpg,train,raw/MUESTRA_414.jpg
MUESTRA_284,MUESTRA_284.jpg,train,raw/MUESTRA_284.jpg
MUESTRA_1499,MUESTRA_1499.jpg,train,raw/MUESTRA_1499.jpg
MUESTRA_1000,MUESTRA_1000.jpg,train,raw/MUESTRA_1000.jpg
MUESTRA_1313,MUESTRA_1313.jpg,train,raw/MUESTRA_1313.jpg
MUESTRA_093,MUESTRA_093.jpg,train,raw/MUESTRA_093.jpg
MUESTRA_1120,MUESTRA_1120.jpg,train,raw/MUESTRA_1120.jpg
MUESTRA_896,MUESTRA_896.jpg,train,raw/MUESTRA_896.jpg
MUESTRA_1546,MUESTRA_1546.jpg,train,raw/MUESTRA_1546.jpg
MUESTRA_957,MUESTRA_957.jpg,train,raw/MUESTRA_957.jpg
MUESTRA_1128,MUESTRA_1128.jpg,train,raw/MUESTRA_1128.jpg
MUESTRA_071,MUESTRA_071.jpg,train,raw/MUESTRA_071.jpg
MUESTRA_1484,MUESTRA_1484.jpg,train,raw/MUESTRA_1484.jpg
MUESTRA_037,MUESTRA_037.jpg,train,raw/MUESTRA_037.jpg
MUESTRA_213,MUESTRA_213.jpg,train,raw/MUESTRA_213.jpg
MUESTRA_1950,MUESTRA_1950.jpg,train,raw/MUESTRA_1950.jpg
MUESTRA_945,MUESTRA_945.jpg,train,raw/MUESTRA_945.jpg
MUESTRA_1492,MUESTRA_1492.jpg,train,raw/MUESTRA_1492.jpg
MUESTRA_1204,MUESTRA_1204.jpg,train,raw/MUESTRA_1204.jpg
MUESTRA_882,MUESTRA_882.jpg,train,raw/MUESTRA_882.jpg
MUESTRA_456,MUESTRA_456.jpg,train,raw/MUESTRA_456.jpg
MUESTRA_215,MUESTRA_215.jpg,train,raw/MUESTRA_215.jpg
MUESTRA_1215,MUESTRA_1215.jpg,train,raw/MUESTRA_1215.jpg
MUESTRA_502,MUESTRA_502.jpg,train,raw/MUESTRA_502.jpg
MUESTRA_1945,MUESTRA_1945.jpg,train,raw/MUESTRA_1945.jpg
MUESTRA_344,MUESTRA_344.jpg,train,raw/MUESTRA_344.jpg
MUESTRA_1554,MUESTRA_1554.jpg,train,raw/MUESTRA_1554.jpg
MUESTRA_614,MUESTRA_614.jpg,train,raw/MUESTRA_614.jpg
MUESTRA_1224,MUESTRA_1224.jpg,train,raw/MUESTRA_1224.jpg
MUESTRA_551,MUESTRA_551.jpg,train,raw/MUESTRA_551.jpg
MUESTRA_288,MUESTRA_288.jpg,train,raw/MUESTRA_288.jpg
MUESTRA_077,MUESTRA_077.jpg,train,raw/MUESTRA_077.jpg
MUESTRA_290,MUESTRA_290.jpg,train,raw/MUESTRA_290.jpg
MUESTRA_225,MUESTRA_225.jpg,train,raw/MUESTRA_225.jpg
MUESTRA_1290,MUESTRA_1290.jpg,train,raw/MUESTRA_1290.jpg
MUESTRA_1043,MUESTRA_1043.jpg,train,raw/MUESTRA_1043.jpg
MUESTRA_1896,MUESTRA_1896.jpg,train,raw/MUESTRA_1896.jpg
MUESTRA_016,MUESTRA_016.jpg,train,raw/MUESTRA_016.jpg
MUESTRA_168,MUESTRA_168.jpg,train,raw/MUESTRA_168.jpg
MUESTRA_846,MUESTRA_846.jpg,train,raw/MUESTRA_846.jpg
MUESTRA_1623,MUESTRA_1623.jpg,train,raw/MUESTRA_1623.jpg
MUESTRA_1319,MUESTRA_1319.jpg,train,raw/MUESTRA_1319.jpg
MUESTRA_228,MUESTRA_228.jpg,train,raw/MUESTRA_228.jpg
MUESTRA_1218,MUESTRA_1218.jpg,train,raw/MUESTRA_1218.jpg
MUESTRA_1459,MUESTRA_1459.jpg,train,raw/MUESTRA_1459.jpg
MUESTRA_1999,MUESTRA_1999.jpg,train,raw/MUESTRA_1999.jpg
MUESTRA_1027,MUESTRA_1027.jpg,train,raw/MUESTRA_1027.jpg
MUESTRA_1742,MUESTRA_1742.jpg,train,raw/MUESTRA_1742.jpg
MUESTRA_862,MUESTRA_862.jpg,train,raw/MUESTRA_862.jpg
MUESTRA_1983,MUESTRA_1983.jpg,train,raw/MUESTRA_1983.jpg
MUESTRA_1836,MUESTRA_1836.jpg,train,raw/MUESTRA_1836.jpg
MUESTRA_1527,MUESTRA_1527.jpg,train,raw/MUESTRA_1527.jpg
MUESTRA_542,MUESTRA_542.jpg,train,raw/MUESTRA_542.jpg
MUESTRA_1264,MUESTRA_1264.jpg,train,raw/MUESTRA_1264.jpg
MUESTRA_1685,MUESTRA_1685.jpg,train,raw/MUESTRA_1685.jpg
MUESTRA_805,MUESTRA_805.jpg,train,raw/MUESTRA_805.jpg
MUESTRA_1602,MUESTRA_1602.jpg,train,raw/MUESTRA_1602.jpg
MUESTRA_302,MUESTRA_302.jpg,train,raw/MUESTRA_302.jpg
MUESTRA_045,MUESTRA_045.jpg,train,raw/MUESTRA_045.jpg
MUESTRA_1291,MUESTRA_1291.jpg,train,raw/MUESTRA_1291.jpg
MUESTRA_1631,MUESTRA_1631.jpg,train,raw/MUESTRA_1631.jpg
MUESTRA_1837,MUESTRA_1837.jpg,train,raw/MUESTRA_1837.jpg
MUESTRA_397,MUESTRA_397.jpg,train,raw/MUESTRA_397.jpg
MUESTRA_334,MUESTRA_334.jpg,train,raw/MUESTRA_334.jpg
MUESTRA_1907,MUESTRA_1907.jpg,train,raw/MUESTRA_1907.jpg
MUESTRA_550,MUESTRA_550.jpg,train,raw/MUESTRA_550.jpg
MUESTRA_685,MUESTRA_685.jpg,train,raw/MUESTRA_685.jpg
MUESTRA_1209,MUESTRA_1209.jpg,train,raw/MUESTRA_1209.jpg
MUESTRA_444,MUESTRA_444.jpg,train,raw/MUESTRA_444.jpg
MUESTRA_1260,MUESTRA_1260.jpg,train,raw/MUESTRA_1260.jpg
MUESTRA_928,MUESTRA_928.jpg,train,raw/MUESTRA_928.jpg
MUESTRA_311,MUESTRA_311.jpg,train,raw/MUESTRA_311.jpg
MUESTRA_1699,MUESTRA_1699.jpg,train,raw/MUESTRA_1699.jpg
MUESTRA_643,MUESTRA_643.jpg,train,raw/MUESTRA_643.jpg
MUESTRA_1230,MUESTRA_1230.jpg,train,raw/MUESTRA_1230.jpg
MUESTRA_136,MUESTRA_136.jpg,train,raw/MUESTRA_136.jpg
MUESTRA_1410,MUESTRA_1410.jpg,train,raw/MUESTRA_1410.jpg
MUESTRA_993,MUESTRA_993.jpg,train,raw/MUESTRA_993.jpg
MUESTRA_1822,MUESTRA_1822.jpg,train,raw/MUESTRA_1822.jpg
MUESTRA_364,MUESTRA_364.jpg,train,raw/MUESTRA_364.jpg
MUESTRA_1523,MUESTRA_1523.jpg,train,raw/MUESTRA_1523.jpg
MUESTRA_1449,MUESTRA_1449.jpg,train,raw/MUESTRA_1449.jpg
MUESTRA_1781,MUESTRA_1781.jpg,train,raw/MUESTRA_1781.jpg
MUESTRA_187,MUESTRA_187.jpg,train,raw/MUESTRA_187.jpg
MUESTRA_766,MUESTRA_766.jpg,train,raw/MUESTRA_766.jpg
MUESTRA_1172,MUESTRA_1172.jpg,train,raw/MUESTRA_1172.jpg
MUESTRA_003,MUESTRA_003.jpg,train,raw/MUESTRA_003.jpg
MUESTRA_1715,MUESTRA_1715.jpg,train,raw/MUESTRA_1715.jpg
MUESTRA_1381,MUESTRA_1381.jpg,train,raw/MUESTRA_1381.jpg
MUESTRA_1834,MUESTRA_1834.jpg,train,raw/MUESTRA_1834.jpg
MUESTRA_1226,MUESTRA_1226.jpg,train,raw/MUESTRA_1226.jpg
MUESTRA_1295,MUESTRA_1295.jpg,train,raw/MUESTRA_1295.jpg
MUESTRA_1644,MUESTRA_1644.jpg,train,raw/MUESTRA_1644.jpg
MUESTRA_1736,MUESTRA_1736.jpg,train,raw/MUESTRA_1736.jpg
MUESTRA_1166,MUESTRA_1166.jpg,train,raw/MUESTRA_1166.jpg
MUESTRA_072,MUESTRA_072.jpg,train,raw/MUESTRA_072.jpg
MUESTRA_595,MUESTRA_595.jpg,train,raw/MUESTRA_595.jpg
MUESTRA_728,MUESTRA_728.jpg,train,raw/MUESTRA_728.jpg
MUESTRA_1382,MUESTRA_1382.jpg,train,raw/MUESTRA_1382.jpg
MUESTRA_534,MUESTRA_534.jpg,train,raw/MUESTRA_534.jpg
MUESTRA_1087,MUESTRA_1087.jpg,train,raw/MUESTRA_1087.jpg
MUESTRA_1905,MUESTRA_1905.jpg,train,raw/MUESTRA_1905.jpg
MUESTRA_562,MUESTRA_562.jpg,train,raw/MUESTRA_562.jpg
MUESTRA_324,MUESTRA_324.jpg,train,raw/MUESTRA_324.jpg
MUESTRA_1334,MUESTRA_1334.jpg,train,raw/MUESTRA_1334.jpg
MUESTRA_1136,MUESTRA_1136.jpg,train,raw/MUESTRA_1136.jpg
MUESTRA_1349,MUESTRA_1349.jpg,train,raw/MUESTRA_1349.jpg
MUESTRA_1933,MUESTRA_1933.jpg,train,raw/MUESTRA_1933.jpg
MUESTRA_1856,MUESTRA_1856.jpg,train,raw/MUESTRA_1856.jpg
MUESTRA_1163,MUESTRA_1163.jpg,train,raw/MUESTRA_1163.jpg
MUESTRA_1566,MUESTRA_1566.jpg,train,raw/MUESTRA_1566.jpg
MUESTRA_408,MUESTRA_408.jpg,train,raw/MUESTRA_408.jpg
MUESTRA_1180,MUESTRA_1180.jpg,train,raw/MUESTRA_1180.jpg
MUESTRA_1576,MUESTRA_1576.jpg,train,raw/MUESTRA_1576.jpg
MUESTRA_1957,MUESTRA_1957.jpg,train,raw/MUESTRA_1957.jpg
MUESTRA_1052,MUESTRA_1052.jpg,train,raw/MUESTRA_1052.jpg
MUESTRA_1865,MUESTRA_1865.jpg,train,raw/MUESTRA_1865.jpg
MUESTRA_1887,MUESTRA_1887.jpg,train,raw/MUESTRA_1887.jpg
MUESTRA_637,MUESTRA_637.jpg,train,raw/MUESTRA_637.jpg
MUESTRA_555,MUESTRA_555.jpg,train,raw/MUESTRA_555.jpg
MUESTRA_601,MUESTRA_601.jpg,train,raw/MUESTRA_601.jpg
MUESTRA_380,MUESTRA_380.jpg,train,raw/MUESTRA_380.jpg
MUESTRA_1824,MUESTRA_1824.jpg,train,raw/MUESTRA_1824.jpg
MUESTRA_096,MUESTRA_096.jpg,train,raw/MUESTRA_096.jpg
MUESTRA_1289,MUESTRA_1289.jpg,train,raw/MUESTRA_1289.jpg
MUESTRA_485,MUESTRA_485.jpg,train,raw/MUESTRA_485.jpg
MUESTRA_713,MUESTRA_713.jpg,train,raw/MUESTRA_713.jpg
MUESTRA_1422,MUESTRA_1422.jpg,train,raw/MUESTRA_1422.jpg
MUESTRA_849,MUESTRA_849.jpg,train,raw/MUESTRA_849.jpg
MUESTRA_1057,MUESTRA_1057.jpg,train,raw/MUESTRA_1057.jpg
MUESTRA_383,MUESTRA_383.jpg,train,raw/MUESTRA_383.jpg
MUESTRA_591,MUESTRA_591.jpg,train,raw/MUESTRA_591.jpg
MUESTRA_329,MUESTRA_329.jpg,train,raw/MUESTRA_329.jpg
MUESTRA_1476,MUESTRA_1476.jpg,train,raw/MUESTRA_1476.jpg
MUESTRA_1496,MUESTRA_1496.jpg,train,raw/MUESTRA_1496.jpg
MUESTRA_030,MUESTRA_030.jpg,train,raw/MUESTRA_030.jpg
MUESTRA_611,MUESTRA_611.jpg,train,raw/MUESTRA_611.jpg
MUESTRA_1360,MUESTRA_1360.jpg,train,raw/MUESTRA_1360.jpg
MUESTRA_156,MUESTRA_156.jpg,train,raw/MUESTRA_156.jpg
MUESTRA_261,MUESTRA_261.jpg,train,raw/MUESTRA_261.jpg
MUESTRA_1177,MUESTRA_1177.jpg,train,raw/MUESTRA_1177.jpg
MUESTRA_1031,MUESTRA_1031.jpg,train,raw/MUESTRA_1031.jpg
MUESTRA_710,MUESTRA_710.jpg,train,raw/MUESTRA_710.jpg
MUESTRA_314,MUESTRA_314.jpg,train,raw/MUESTRA_314.jpg
MUESTRA_199,MUESTRA_199.jpg,train,raw/MUESTRA_199.jpg
MUESTRA_366,MUESTRA_366.jpg,train,raw/MUESTRA_366.jpg
MUESTRA_661,MUESTRA_661.jpg,train,raw/MUESTRA_661.jpg
MUESTRA_230,MUESTRA_230.jpg,train,raw/MUESTRA_230.jpg
MUESTRA_1832,MUESTRA_1832.jpg,train,raw/MUESTRA_1832.jpg
MUESTRA_317,MUESTRA_317.jpg,train,raw/MUESTRA_317.jpg
MUESTRA_1773,MUESTRA_1773.jpg,train,raw/MUESTRA_1773.jpg
MUESTRA_1991,MUESTRA_1991.jpg,train,raw/MUESTRA_1991.jpg
MUESTRA_1246,MUESTRA_1246.jpg,train,raw/MUESTRA_1246.jpg
MUESTRA_509,MUESTRA_509.jpg,train,raw/MUESTRA_509.jpg
MUESTRA_1084,MUESTRA_1084.jpg,train,raw/MUESTRA_1084.jpg
MUESTRA_234,MUESTRA_234.jpg,train,raw/MUESTRA_234.jpg
MUESTRA_350,MUESTRA_350.jpg,train,raw/MUESTRA_350.jpg
MUESTRA_786,MUESTRA_786.jpg,train,raw/MUESTRA_786.jpg
MUESTRA_1414,MUESTRA_1414.jpg,train,raw/MUESTRA_1414.jpg
MUESTRA_800,MUESTRA_800.jpg,train,raw/MUESTRA_800.jpg
MUESTRA_1521,MUESTRA_1521.jpg,train,raw/MUESTRA_1521.jpg
MUESTRA_772,MUESTRA_772.jpg,train,raw/MUESTRA_772.jpg
MUESTRA_295,MUESTRA_295.jpg,train,raw/MUESTRA_295.jpg
MUESTRA_1388,MUESTRA_1388.jpg,train,raw/MUESTRA_1388.jpg
MUESTRA_1714,MUESTRA_1714.jpg,train,raw/MUESTRA_1714.jpg
MUESTRA_1285,MUESTRA_1285.jpg,train,raw/MUESTRA_1285.jpg
MUESTRA_1629,MUESTRA_1629.jpg,train,raw/MUESTRA_1629.jpg
MUESTRA_761,MUESTRA_761.jpg,train,raw/MUESTRA_761.jpg
MUESTRA_1210,MUESTRA_1210.jpg,train,raw/MUESTRA_1210.jpg
MUESTRA_1888,MUESTRA_1888.jpg,train,raw/MUESTRA_1888.jpg
MUESTRA_602,MUESTRA_602.jpg,train,raw/MUESTRA_602.jpg
MUESTRA_517,MUESTRA_517.jpg,train,raw/MUESTRA_517.jpg
MUESTRA_773,MUESTRA_773.jpg,train,raw/MUESTRA_773.jpg
MUESTRA_038,MUESTRA_038.jpg,train,raw/MUESTRA_038.jpg
MUESTRA_995,MUESTRA_995.jpg,train,raw/MUESTRA_995.jpg
MUESTRA_909,MUESTRA_909.jpg,train,raw/MUESTRA_909.jpg
MUESTRA_1768,MUESTRA_1768.jpg,train,raw/MUESTRA_1768.jpg
MUESTRA_1282,MUESTRA_1282.jpg,train,raw/MUESTRA_1282.jpg
MUESTRA_428,MUESTRA_428.jpg,train,raw/MUESTRA_428.jpg
MUESTRA_1809,MUESTRA_1809.jpg,train,raw/MUESTRA_1809.jpg
MUESTRA_784,MUESTRA_784.jpg,train,raw/MUESTRA_784.jpg
MUESTRA_1555,MUESTRA_1555.jpg,train,raw/MUESTRA_1555.jpg
MUESTRA_1292,MUESTRA_1292.jpg,train,raw/MUESTRA_1292.jpg
MUESTRA_636,MUESTRA_636.jpg,train,raw/MUESTRA_636.jpg
MUESTRA_599,MUESTRA_599.jpg,train,raw/MUESTRA_599.jpg
MUESTRA_186,MUESTRA_186.jpg,train,raw/MUESTRA_186.jpg
MUESTRA_1007,MUESTRA_1007.jpg,train,raw/MUESTRA_1007.jpg
MUESTRA_826,MUESTRA_826.jpg,train,raw/MUESTRA_826.jpg
MUESTRA_1208,MUESTRA_1208.jpg,train,raw/MUESTRA_1208.jpg
MUESTRA_122,MUESTRA_122.jpg,train,raw/MUESTRA_122.jpg
MUESTRA_576,MUESTRA_576.jpg,train,raw/MUESTRA_576.jpg
MUESTRA_377,MUESTRA_377.jpg,train,raw/MUESTRA_377.jpg
MUESTRA_1771,MUESTRA_1771.jpg,train,raw/MUESTRA_1771.jpg
MUESTRA_1801,MUESTRA_1801.jpg,train,raw/MUESTRA_1801.jpg
MUESTRA_1367,MUESTRA_1367.jpg,train,raw/MUESTRA_1367.jpg
MUESTRA_687,MUESTRA_687.jpg,train,raw/MUESTRA_687.jpg
MUESTRA_1500,MUESTRA_1500.jpg,train,raw/MUESTRA_1500.jpg
MUESTRA_844,MUESTRA_844.jpg,train,raw/MUESTRA_844.jpg
MUESTRA_1454,MUESTRA_1454.jpg,train,raw/MUESTRA_1454.jpg
MUESTRA_1078,MUESTRA_1078.jpg,train,raw/MUESTRA_1078.jpg
MUESTRA_1168,MUESTRA_1168.jpg,train,raw/MUESTRA_1168.jpg
MUESTRA_791,MUESTRA_791.jpg,train,raw/MUESTRA_791.jpg
MUESTRA_1320,MUESTRA_1320.jpg,train,raw/MUESTRA_1320.jpg
MUESTRA_1516,MUESTRA_1516.jpg,train,raw/MUESTRA_1516.jpg
MUESTRA_1392,MUESTRA_1392.jpg,train,raw/MUESTRA_1392.jpg
MUESTRA_347,MUESTRA_347.jpg,train,raw/MUESTRA_347.jpg
MUESTRA_1072,MUESTRA_1072.jpg,train,raw/MUESTRA_1072.jpg
MUESTRA_1613,MUESTRA_1613.jpg,train,raw/MUESTRA_1613.jpg
MUESTRA_820,MUESTRA_820.jpg,train,raw/MUESTRA_820.jpg
MUESTRA_718,MUESTRA_718.jpg,train,raw/MUESTRA_718.jpg
MUESTRA_792,MUESTRA_792.jpg,train,raw/MUESTRA_792.jpg
MUESTRA_610,MUESTRA_610.jpg,train,raw/MUESTRA_610.jpg
MUESTRA_679,MUESTRA_679.jpg,train,raw/MUESTRA_679.jpg
MUESTRA_1948,MUESTRA_1948.jpg,train,raw/MUESTRA_1948.jpg
MUESTRA_452,MUESTRA_452.jpg,train,raw/MUESTRA_452.jpg
MUESTRA_022,MUESTRA_022.jpg,train,raw/MUESTRA_022.jpg
MUESTRA_801,MUESTRA_801.jpg,train,raw/MUESTRA_801.jpg
MUESTRA_1445,MUESTRA_1445.jpg,train,raw/MUESTRA_1445.jpg
MUESTRA_1710,MUESTRA_1710.jpg,train,raw/MUESTRA_1710.jpg
MUESTRA_1688,MUESTRA_1688.jpg,train,raw/MUESTRA_1688.jpg
MUESTRA_1537,MUESTRA_1537.jpg,train,raw/MUESTRA_1537.jpg
MUESTRA_486,MUESTRA_486.jpg,train,raw/MUESTRA_486.jpg
MUESTRA_1890,MUESTRA_1890.jpg,train,raw/MUESTRA_1890.jpg
MUESTRA_027,MUESTRA_027.jpg,train,raw/MUESTRA_027.jpg
MUESTRA_1142,MUESTRA_1142.jpg,train,raw/MUESTRA_1142.jpg
MUESTRA_1471,MUESTRA_1471.jpg,train,raw/MUESTRA_1471.jpg
MUESTRA_500,MUESTRA_500.jpg,train,raw/MUESTRA_500.jpg
MUESTRA_1593,MUESTRA_1593.jpg,train,raw/MUESTRA_1593.jpg
MUESTRA_1311,MUESTRA_1311.jpg,train,raw/MUESTRA_1311.jpg
MUESTRA_1737,MUESTRA_1737.jpg,train,raw/MUESTRA_1737.jpg
MUESTRA_264,MUESTRA_264.jpg,train,raw/MUESTRA_264.jpg
MUESTRA_1466,MUESTRA_1466.jpg,train,raw/MUESTRA_1466.jpg
MUESTRA_208,MUESTRA_208.jpg,train,raw/MUESTRA_208.jpg
MUESTRA_673,MUESTRA_673.jpg,train,raw/MUESTRA_673.jpg
MUESTRA_850,MUESTRA_850.jpg,train,raw/MUESTRA_850.jpg
MUESTRA_884,MUESTRA_884.jpg,train,raw/MUESTRA_884.jpg
MUESTRA_1375,MUESTRA_1375.jpg,train,raw/MUESTRA_1375.jpg
MUESTRA_1162,MUESTRA_1162.jpg,train,raw/MUESTRA_1162.jpg
MUESTRA_1787,MUESTRA_1787.jpg,train,raw/MUESTRA_1787.jpg
MUESTRA_1284,MUESTRA_1284.jpg,train,raw/MUESTRA_1284.jpg
MUESTRA_211,MUESTRA_211.jpg,train,raw/MUESTRA_211.jpg
MUESTRA_1192,MUESTRA_1192.jpg,train,raw/MUESTRA_1192.jpg
MUESTRA_1550,MUESTRA_1550.jpg,train,raw/MUESTRA_1550.jpg
MUESTRA_1345,MUESTRA_1345.jpg,train,raw/MUESTRA_1345.jpg
MUESTRA_269,MUESTRA_269.jpg,train,raw/MUESTRA_269.jpg
MUESTRA_250,MUESTRA_250.jpg,train,raw/MUESTRA_250.jpg
MUESTRA_1178,MUESTRA_1178.jpg,train,raw/MUESTRA_1178.jpg
MUESTRA_1767,MUESTRA_1767.jpg,train,raw/MUESTRA_1767.jpg
MUESTRA_1884,MUESTRA_1884.jpg,train,raw/MUESTRA_1884.jpg
MUESTRA_463,MUESTRA_463.jpg,train,raw/MUESTRA_463.jpg
MUESTRA_1606,MUESTRA_1606.jpg,train,raw/MUESTRA_1606.jpg
MUESTRA_1463,MUESTRA_1463.jpg,train,raw/MUESTRA_1463.jpg
MUESTRA_1195,MUESTRA_1195.jpg,train,raw/MUESTRA_1195.jpg
MUESTRA_1647,MUESTRA_1647.jpg,train,raw/MUESTRA_1647.jpg
MUESTRA_1063,MUESTRA_1063.jpg,train,raw/MUESTRA_1063.jpg
MUESTRA_981,MUESTRA_981.jpg,train,raw/MUESTRA_981.jpg
MUESTRA_488,MUESTRA_488.jpg,train,raw/MUESTRA_488.jpg
MUESTRA_704,MUESTRA_704.jpg,train,raw/MUESTRA_704.jpg
MUESTRA_1679,MUESTRA_1679.jpg,train,raw/MUESTRA_1679.jpg
MUESTRA_1157,MUESTRA_1157.jpg,train,raw/MUESTRA_1157.jpg
MUESTRA_1755,MUESTRA_1755.jpg,train,raw/MUESTRA_1755.jpg
MUESTRA_1048,MUESTRA_1048.jpg,train,raw/MUESTRA_1048.jpg
MUESTRA_770,MUESTRA_770.jpg,train,raw/MUESTRA_770.jpg
MUESTRA_1119,MUESTRA_1119.jpg,train,raw/MUESTRA_1119.jpg
MUESTRA_524,MUESTRA_524.jpg,train,raw/MUESTRA_524.jpg
MUESTRA_608,MUESTRA_608.jpg,train,raw/MUESTRA_608.jpg
MUESTRA_860,MUESTRA_860.jpg,train,raw/MUESTRA_860.jpg
MUESTRA_1093,MUESTRA_1093.jpg,train,raw/MUESTRA_1093.jpg
MUESTRA_678,MUESTRA_678.jpg,train,raw/MUESTRA_678.jpg
MUESTRA_1658,MUESTRA_1658.jpg,train,raw/MUESTRA_1658.jpg
MUESTRA_870,MUESTRA_870.jpg,train,raw/MUESTRA_870.jpg
MUESTRA_1458,MUESTRA_1458.jpg,train,raw/MUESTRA_1458.jpg
MUESTRA_1491,MUESTRA_1491.jpg,train,raw/MUESTRA_1491.jpg
MUESTRA_570,MUESTRA_570.jpg,train,raw/MUESTRA_570.jpg
MUESTRA_237,MUESTRA_237.jpg,train,raw/MUESTRA_237.jpg
MUESTRA_696,MUESTRA_696.jpg,train,raw/MUESTRA_696.jpg
MUESTRA_886,MUESTRA_886.jpg,train,raw/MUESTRA_886.jpg
MUESTRA_1127,MUESTRA_1127.jpg,train,raw/MUESTRA_1127.jpg
MUESTRA_1549,MUESTRA_1549.jpg,train,raw/MUESTRA_1549.jpg
MUESTRA_073,MUESTRA_073.jpg,train,raw/MUESTRA_073.jpg
MUESTRA_1914,MUESTRA_1914.jpg,train,raw/MUESTRA_1914.jpg
MUESTRA_913,MUESTRA_913.jpg,train,raw/MUESTRA_913.jpg
MUESTRA_1446,MUESTRA_1446.jpg,train,raw/MUESTRA_1446.jpg
MUESTRA_1340,MUESTRA_1340.jpg,train,raw/MUESTRA_1340.jpg
MUESTRA_067,MUESTRA_067.jpg,train,raw/MUESTRA_067.jpg
MUESTRA_1451,MUESTRA_1451.jpg,train,raw/MUESTRA_1451.jpg
MUESTRA_1784,MUESTRA_1784.jpg,train,raw/MUESTRA_1784.jpg
MUESTRA_1862,MUESTRA_1862.jpg,train,raw/MUESTRA_1862.jpg
MUESTRA_387,MUESTRA_387.jpg,train,raw/MUESTRA_387.jpg
MUESTRA_006,MUESTRA_006.jpg,train,raw/MUESTRA_006.jpg
MUESTRA_1200,MUESTRA_1200.jpg,train,raw/MUESTRA_1200.jpg
MUESTRA_1049,MUESTRA_1049.jpg,train,raw/MUESTRA_1049.jpg
MUESTRA_1232,MUESTRA_1232.jpg,train,raw/MUESTRA_1232.jpg
MUESTRA_1356,MUESTRA_1356.jpg,train,raw/MUESTRA_1356.jpg
MUESTRA_1201,MUESTRA_1201.jpg,train,raw/MUESTRA_1201.jpg
MUESTRA_1060,MUESTRA_1060.jpg,train,raw/MUESTRA_1060.jpg
MUESTRA_530,MUESTRA_530.jpg,train,raw/MUESTRA_530.jpg
MUESTRA_865,MUESTRA_865.jpg,train,raw/MUESTRA_865.jpg
MUESTRA_1296,MUESTRA_1296.jpg,train,raw/MUESTRA_1296.jpg
MUESTRA_1094,MUESTRA_1094.jpg,train,raw/MUESTRA_1094.jpg
MUESTRA_1021,MUESTRA_1021.jpg,train,raw/MUESTRA_1021.jpg
MUESTRA_497,MUESTRA_497.jpg,train,raw/MUESTRA_497.jpg
MUESTRA_1708,MUESTRA_1708.jpg,train,raw/MUESTRA_1708.jpg
MUESTRA_1462,MUESTRA_1462.jpg,train,raw/MUESTRA_1462.jpg
MUESTRA_783,MUESTRA_783.jpg,train,raw/MUESTRA_783.jpg
MUESTRA_1748,MUESTRA_1748.jpg,train,raw/MUESTRA_1748.jpg
MUESTRA_262,MUESTRA_262.jpg,train,raw/MUESTRA_262.jpg
MUESTRA_133,MUESTRA_133.jpg,train,raw/MUESTRA_133.jpg
MUESTRA_1684,MUESTRA_1684.jpg,train,raw/MUESTRA_1684.jpg
MUESTRA_113,MUESTRA_113.jpg,train,raw/MUESTRA_113.jpg
MUESTRA_457,MUESTRA_457.jpg,train,raw/MUESTRA_457.jpg
MUESTRA_1068,MUESTRA_1068.jpg,train,raw/MUESTRA_1068.jpg
MUESTRA_700,MUESTRA_700.jpg,train,raw/MUESTRA_700.jpg
MUESTRA_490,MUESTRA_490.jpg,train,raw/MUESTRA_490.jpg
MUESTRA_1191,MUESTRA_1191.jpg,train,raw/MUESTRA_1191.jpg
MUESTRA_1009,MUESTRA_1009.jpg,train,raw/MUESTRA_1009.jpg
MUESTRA_1047,MUESTRA_1047.jpg,train,raw/MUESTRA_1047.jpg
MUESTRA_1825,MUESTRA_1825.jpg,train,raw/MUESTRA_1825.jpg
MUESTRA_1655,MUESTRA_1655.jpg,train,raw/MUESTRA_1655.jpg
MUESTRA_1030,MUESTRA_1030.jpg,train,raw/MUESTRA_1030.jpg
MUESTRA_1121,MUESTRA_1121.jpg,train,raw/MUESTRA_1121.jpg
MUESTRA_1799,MUESTRA_1799.jpg,train,raw/MUESTRA_1799.jpg
MUESTRA_138,MUESTRA_138.jpg,train,raw/MUESTRA_138.jpg
MUESTRA_1005,MUESTRA_1005.jpg,train,raw/MUESTRA_1005.jpg
MUESTRA_1252,MUESTRA_1252.jpg,train,raw/MUESTRA_1252.jpg
MUESTRA_526,MUESTRA_526.jpg,train,raw/MUESTRA_526.jpg
MUESTRA_173,MUESTRA_173.jpg,train,raw/MUESTRA_173.jpg
MUESTRA_1800,MUESTRA_1800.jpg,train,raw/MUESTRA_1800.jpg
MUESTRA_1783,MUESTRA_1783.jpg,train,raw/MUESTRA_1783.jpg
MUESTRA_1439,MUESTRA_1439.jpg,train,raw/MUESTRA_1439.jpg
MUESTRA_1970,MUESTRA_1970.jpg,train,raw/MUESTRA_1970.jpg
MUESTRA_472,MUESTRA_472.jpg,train,raw/MUESTRA_472.jpg
MUESTRA_1929,MUESTRA_1929.jpg,train,raw/MUESTRA_1929.jpg
MUESTRA_201,MUESTRA_201.jpg,train,raw/MUESTRA_201.jpg
MUESTRA_1453,MUESTRA_1453.jpg,train,raw/MUESTRA_1453.jpg
MUESTRA_1010,MUESTRA_1010.jpg,train,raw/MUESTRA_1010.jpg
MUESTRA_919,MUESTRA_919.jpg,train,raw/MUESTRA_919.jpg
MUESTRA_142,MUESTRA_142.jpg,train,raw/MUESTRA_142.jpg
MUESTRA_1145,MUESTRA_1145.jpg,train,raw/MUESTRA_1145.jpg
MUESTRA_029,MUESTRA_029.jpg,train,raw/MUESTRA_029.jpg
MUESTRA_541,MUESTRA_541.jpg,train,raw/MUESTRA_541.jpg
MUESTRA_461,MUESTRA_461.jpg,train,raw/MUESTRA_461.jpg
MUESTRA_1581,MUESTRA_1581.jpg,train,raw/MUESTRA_1581.jpg
MUESTRA_1332,MUESTRA_1332.jpg,train,raw/MUESTRA_1332.jpg
MUESTRA_1460,MUESTRA_1460.jpg,train,raw/MUESTRA_1460.jpg
MUESTRA_1270,MUESTRA_1270.jpg,train,raw/MUESTRA_1270.jpg
MUESTRA_1096,MUESTRA_1096.jpg,train,raw/MUESTRA_1096.jpg
MUESTRA_1436,MUESTRA_1436.jpg,train,raw/MUESTRA_1436.jpg
MUESTRA_1886,MUESTRA_1886.jpg,train,raw/MUESTRA_1886.jpg
MUESTRA_507,MUESTRA_507.jpg,train,raw/MUESTRA_507.jpg
MUESTRA_1810,MUESTRA_1810.jpg,train,raw/MUESTRA_1810.jpg
MUESTRA_1312,MUESTRA_1312.jpg,train,raw/MUESTRA_1312.jpg
MUESTRA_381,MUESTRA_381.jpg,train,raw/MUESTRA_381.jpg
MUESTRA_1254,MUESTRA_1254.jpg,train,raw/MUESTRA_1254.jpg
MUESTRA_1131,MUESTRA_1131.jpg,train,raw/MUESTRA_1131.jpg
MUESTRA_869,MUESTRA_869.jpg,train,raw/MUESTRA_869.jpg
MUESTRA_1268,MUESTRA_1268.jpg,train,raw/MUESTRA_1268.jpg
MUESTRA_198,MUESTRA_198.jpg,train,raw/MUESTRA_198.jpg
MUESTRA_1339,MUESTRA_1339.jpg,train,raw/MUESTRA_1339.jpg
MUESTRA_512,MUESTRA_512.jpg,train,raw/MUESTRA_512.jpg
MUESTRA_1921,MUESTRA_1921.jpg,train,raw/MUESTRA_1921.jpg
MUESTRA_1413,MUESTRA_1413.jpg,train,raw/MUESTRA_1413.jpg
MUESTRA_798,MUESTRA_798.jpg,train,raw/MUESTRA_798.jpg
MUESTRA_259,MUESTRA_259.jpg,train,raw/MUESTRA_259.jpg
MUESTRA_273,MUESTRA_273.jpg,train,raw/MUESTRA_273.jpg
MUESTRA_1701,MUESTRA_1701.jpg,train,raw/MUESTRA_1701.jpg
MUESTRA_943,MUESTRA_943.jpg,train,raw/MUESTRA_943.jpg
MUESTRA_804,MUESTRA_804.jpg,train,raw/MUESTRA_804.jpg
MUESTRA_2000,MUESTRA_2000.jpg,train,raw/MUESTRA_2000.jpg
MUESTRA_1995,MUESTRA_1995.jpg,train,raw/MUESTRA_1995.jpg
MUESTRA_148,MUESTRA_148.jpg,train,raw/MUESTRA_148.jpg
MUESTRA_1362,MUESTRA_1362.jpg,train,raw/MUESTRA_1362.jpg
MUESTRA_243,MUESTRA_243.jpg,train,raw/MUESTRA_243.jpg
MUESTRA_1321,MUESTRA_1321.jpg,train,raw/MUESTRA_1321.jpg
MUESTRA_1457,MUESTRA_1457.jpg,train,raw/MUESTRA_1457.jpg
MUESTRA_1082,MUESTRA_1082.jpg,train,raw/MUESTRA_1082.jpg
MUESTRA_036,MUESTRA_036.jpg,train,raw/MUESTRA_036.jpg
MUESTRA_1743,MUESTRA_1743.jpg,train,raw/MUESTRA_1743.jpg
MUESTRA_1823,MUESTRA_1823.jpg,train,raw/MUESTRA_1823.jpg
MUESTRA_1796,MUESTRA_1796.jpg,train,raw/MUESTRA_1796.jpg
MUESTRA_1357,MUESTRA_1357.jpg,train,raw/MUESTRA_1357.jpg
MUESTRA_513,MUESTRA_513.jpg,train,raw/MUESTRA_513.jpg
MUESTRA_527,MUESTRA_527.jpg,train,raw/MUESTRA_527.jpg
MUESTRA_1359,MUESTRA_1359.jpg,train,raw/MUESTRA_1359.jpg
MUESTRA_757,MUESTRA_757.jpg,train,raw/MUESTRA_757.jpg
MUESTRA_1265,MUESTRA_1265.jpg,train,raw/MUESTRA_1265.jpg
MUESTRA_1871,MUESTRA_1871.jpg,train,raw/MUESTRA_1871.jpg
MUESTRA_021,MUESTRA_021.jpg,train,raw/MUESTRA_021.jpg
MUESTRA_1423,MUESTRA_1423.jpg,train,raw/MUESTRA_1423.jpg
MUESTRA_143,MUESTRA_143.jpg,train,raw/MUESTRA_143.jpg
MUESTRA_1543,MUESTRA_1543.jpg,train,raw/MUESTRA_1543.jpg
MUESTRA_1390,MUESTRA_1390.jpg,train,raw/MUESTRA_1390.jpg
MUESTRA_157,MUESTRA_157.jpg,train,raw/MUESTRA_157.jpg
MUESTRA_1304,MUESTRA_1304.jpg,train,raw/MUESTRA_1304.jpg
MUESTRA_1817,MUESTRA_1817.jpg,train,raw/MUESTRA_1817.jpg
MUESTRA_229,MUESTRA_229.jpg,train,raw/MUESTRA_229.jpg
MUESTRA_1514,MUESTRA_1514.jpg,train,raw/MUESTRA_1514.jpg
MUESTRA_729,MUESTRA_729.jpg,train,raw/MUESTRA_729.jpg
MUESTRA_059,MUESTRA_059.jpg,train,raw/MUESTRA_059.jpg
MUESTRA_244,MUESTRA_244.jpg,train,raw/MUESTRA_244.jpg
MUESTRA_819,MUESTRA_819.jpg,train,raw/MUESTRA_819.jpg
MUESTRA_433,MUESTRA_433.jpg,train,raw/MUESTRA_433.jpg
MUESTRA_328,MUESTRA_328.jpg,train,raw/MUESTRA_328.jpg
MUESTRA_1749,MUESTRA_1749.jpg,train,raw/MUESTRA_1749.jpg
MUESTRA_435,MUESTRA_435.jpg,train,raw/MUESTRA_435.jpg
MUESTRA_1070,MUESTRA_1070.jpg,train,raw/MUESTRA_1070.jpg
MUESTRA_1366,MUESTRA_1366.jpg,train,raw/MUESTRA_1366.jpg
MUESTRA_151,MUESTRA_151.jpg,train,raw/MUESTRA_151.jpg
MUESTRA_1409,MUESTRA_1409.jpg,train,raw/MUESTRA_1409.jpg
MUESTRA_248,MUESTRA_248.jpg,train,raw/MUESTRA_248.jpg
MUESTRA_265,MUESTRA_265.jpg,train,raw/MUESTRA_265.jpg
MUESTRA_181,MUESTRA_181.jpg,train,raw/MUESTRA_181.jpg
MUESTRA_255,MUESTRA_255.jpg,train,raw/MUESTRA_255.jpg
MUESTRA_1412,MUESTRA_1412.jpg,train,raw/MUESTRA_1412.jpg
MUESTRA_1880,MUESTRA_1880.jpg,train,raw/MUESTRA_1880.jpg
MUESTRA_322,MUESTRA_322.jpg,train,raw/MUESTRA_322.jpg
MUESTRA_172,MUESTRA_172.jpg,train,raw/MUESTRA_172.jpg
MUESTRA_779,MUESTRA_779.jpg,train,raw/MUESTRA_779.jpg
MUESTRA_1765,MUESTRA_1765.jpg,train,raw/MUESTRA_1765.jpg
MUESTRA_839,MUESTRA_839.jpg,train,raw/MUESTRA_839.jpg
MUESTRA_1716,MUESTRA_1716.jpg,train,raw/MUESTRA_1716.jpg
MUESTRA_1106,MUESTRA_1106.jpg,train,raw/MUESTRA_1106.jpg
MUESTRA_1821,MUESTRA_1821.jpg,train,raw/MUESTRA_1821.jpg
MUESTRA_267,MUESTRA_267.jpg,train,raw/MUESTRA_267.jpg
MUESTRA_026,MUESTRA_026.jpg,train,raw/MUESTRA_026.jpg
MUESTRA_1544,MUESTRA_1544.jpg,train,raw/MUESTRA_1544.jpg
MUESTRA_553,MUESTRA_553.jpg,train,raw/MUESTRA_553.jpg
MUESTRA_753,MUESTRA_753.jpg,train,raw/MUESTRA_753.jpg
MUESTRA_902,MUESTRA_902.jpg,train,raw/MUESTRA_902.jpg
MUESTRA_976,MUESTRA_976.jpg,train,raw/MUESTRA_976.jpg
MUESTRA_1901,MUESTRA_1901.jpg,train,raw/MUESTRA_1901.jpg
MUESTRA_1556,MUESTRA_1556.jpg,train,raw/MUESTRA_1556.jpg
MUESTRA_085,MUESTRA_085.jpg,train,raw/MUESTRA_085.jpg
MUESTRA_1963,MUESTRA_1963.jpg,train,raw/MUESTRA_1963.jpg
MUESTRA_724,MUESTRA_724.jpg,train,raw/MUESTRA_724.jpg
MUESTRA_1470,MUESTRA_1470.jpg,train,raw/MUESTRA_1470.jpg
MUESTRA_1099,MUESTRA_1099.jpg,train,raw/MUESTRA_1099.jpg
MUESTRA_691,MUESTRA_691.jpg,train,raw/MUESTRA_691.jpg
MUESTRA_1050,MUESTRA_1050.jpg,train,raw/MUESTRA_1050.jpg
MUESTRA_1279,MUESTRA_1279.jpg,train,raw/MUESTRA_1279.jpg
MUESTRA_1648,MUESTRA_1648.jpg,train,raw/MUESTRA_1648.jpg
MUESTRA_1608,MUESTRA_1608.jpg,train,raw/MUESTRA_1608.jpg
MUESTRA_263,MUESTRA_263.jpg,train,raw/MUESTRA_263.jpg
MUESTRA_732,MUESTRA_732.jpg,train,raw/MUESTRA_732.jpg
MUESTRA_053,MUESTRA_053.jpg,train,raw/MUESTRA_053.jpg
MUESTRA_588,MUESTRA_588.jpg,train,raw/MUESTRA_588.jpg
MUESTRA_453,MUESTRA_453.jpg,train,raw/MUESTRA_453.jpg
MUESTRA_1489,MUESTRA_1489.jpg,train,raw/MUESTRA_1489.jpg
MUESTRA_1214,MUESTRA_1214.jpg,train,raw/MUESTRA_1214.jpg
MUESTRA_200,MUESTRA_200.jpg,train,raw/MUESTRA_200.jpg
MUESTRA_1221,MUESTRA_1221.jpg,train,raw/MUESTRA_1221.jpg
MUESTRA_1596,MUESTRA_1596.jpg,train,raw/MUESTRA_1596.jpg
MUESTRA_1386,MUESTRA_1386.jpg,train,raw/MUESTRA_1386.jpg
MUESTRA_362,MUESTRA_362.jpg,train,raw/MUESTRA_362.jpg
MUESTRA_1315,MUESTRA_1315.jpg,train,raw/MUESTRA_1315.jpg
MUESTRA_253,MUESTRA_253.jpg,train,raw/MUESTRA_253.jpg
MUESTRA_810,MUESTRA_810.jpg,train,raw/MUESTRA_810.jpg
MUESTRA_357,MUESTRA_357.jpg,train,raw/MUESTRA_357.jpg
MUESTRA_1144,MUESTRA_1144.jpg,train,raw/MUESTRA_1144.jpg
MUESTRA_572,MUESTRA_572.jpg,train,raw/MUESTRA_572.jpg
MUESTRA_278,MUESTRA_278.jpg,train,raw/MUESTRA_278.jpg
MUESTRA_042,MUESTRA_042.jpg,train,raw/MUESTRA_042.jpg
MUESTRA_448,MUESTRA_448.jpg,train,raw/MUESTRA_448.jpg
MUESTRA_988,MUESTRA_988.jpg,train,raw/MUESTRA_988.jpg
MUESTRA_064,MUESTRA_064.jpg,train,raw/MUESTRA_064.jpg
MUESTRA_083,MUESTRA_083.jpg,train,raw/MUESTRA_083.jpg
MUESTRA_549,MUESTRA_549.jpg,train,raw/MUESTRA_549.jpg
MUESTRA_1327,MUESTRA_1327.jpg,train,raw/MUESTRA_1327.jpg
MUESTRA_446,MUESTRA_446.jpg,train,raw/MUESTRA_446.jpg
MUESTRA_1006,MUESTRA_1006.jpg,train,raw/MUESTRA_1006.jpg
MUESTRA_697,MUESTRA_697.jpg,train,raw/MUESTRA_697.jpg
MUESTRA_768,MUESTRA_768.jpg,train,raw/MUESTRA_768.jpg
MUESTRA_450,MUESTRA_450.jpg,train,raw/MUESTRA_450.jpg
MUESTRA_584,MUESTRA_584.jpg,train,raw/MUESTRA_584.jpg
MUESTRA_1379,MUESTRA_1379.jpg,train,raw/MUESTRA_1379.jpg
MUESTRA_1694,MUESTRA_1694.jpg,train,raw/MUESTRA_1694.jpg
MUESTRA_908,MUESTRA_908.jpg,train,raw/MUESTRA_908.jpg
MUESTRA_771,MUESTRA_771.jpg,train,raw/MUESTRA_771.jpg
MUESTRA_1538,MUESTRA_1538.jpg,train,raw/MUESTRA_1538.jpg
MUESTRA_1518,MUESTRA_1518.jpg,train,raw/MUESTRA_1518.jpg
MUESTRA_629,MUESTRA_629.jpg,train,raw/MUESTRA_629.jpg
MUESTRA_739,MUESTRA_739.jpg,train,raw/MUESTRA_739.jpg
MUESTRA_1519,MUESTRA_1519.jpg,train,raw/MUESTRA_1519.jpg
MUESTRA_378,MUESTRA_378.jpg,train,raw/MUESTRA_378.jpg
MUESTRA_1393,MUESTRA_1393.jpg,train,raw/MUESTRA_1393.jpg
MUESTRA_319,MUESTRA_319.jpg,train,raw/MUESTRA_319.jpg
MUESTRA_1248,MUESTRA_1248.jpg,train,raw/MUESTRA_1248.jpg
MUESTRA_1769,MUESTRA_1769.jpg,train,raw/MUESTRA_1769.jpg
MUESTRA_1161,MUESTRA_1161.jpg,train,raw/MUESTRA_1161.jpg
MUESTRA_843,MUESTRA_843.jpg,train,raw/MUESTRA_843.jpg
MUESTRA_1065,MUESTRA_1065.jpg,train,raw/MUESTRA_1065.jpg
MUESTRA_522,MUESTRA_522.jpg,train,raw/MUESTRA_522.jpg
MUESTRA_196,MUESTRA_196.jpg,train,raw/MUESTRA_196.jpg
MUESTRA_212,MUESTRA_212.jpg,train,raw/MUESTRA_212.jpg
MUESTRA_1642,MUESTRA_1642.jpg,train,raw/MUESTRA_1642.jpg
MUESTRA_056,MUESTRA_056.jpg,train,raw/MUESTRA_056.jpg
MUESTRA_890,MUESTRA_890.jpg,train,raw/MUESTRA_890.jpg
MUESTRA_482,MUESTRA_482.jpg,train,raw/MUESTRA_482.jpg
MUESTRA_178,MUESTRA_178.jpg,train,raw/MUESTRA_178.jpg
MUESTRA_744,MUESTRA_744.jpg,train,raw/MUESTRA_744.jpg
MUESTRA_1662,MUESTRA_1662.jpg,train,raw/MUESTRA_1662.jpg
MUESTRA_1535,MUESTRA_1535.jpg,train,raw/MUESTRA_1535.jpg
MUESTRA_1633,MUESTRA_1633.jpg,train,raw/MUESTRA_1633.jpg
MUESTRA_060,MUESTRA_060.jpg,train,raw/MUESTRA_060.jpg
MUESTRA_641,MUESTRA_641.jpg,train,raw/MUESTRA_641.jpg
MUESTRA_1720,MUESTRA_1720.jpg,train,raw/MUESTRA_1720.jpg
MUESTRA_1417,MUESTRA_1417.jpg,train,raw/MUESTRA_1417.jpg
MUESTRA_842,MUESTRA_842.jpg,train,raw/MUESTRA_842.jpg
MUESTRA_1818,MUESTRA_1818.jpg,train,raw/MUESTRA_1818.jpg
MUESTRA_714,MUESTRA_714.jpg,train,raw/MUESTRA_714.jpg
MUESTRA_235,MUESTRA_235.jpg,train,raw/MUESTRA_235.jpg
MUESTRA_1926,MUESTRA_1926.jpg,train,raw/MUESTRA_1926.jpg
MUESTRA_403,MUESTRA_403.jpg,train,raw/MUESTRA_403.jpg
MUESTRA_916,MUESTRA_916.jpg,train,raw/MUESTRA_916.jpg
MUESTRA_1635,MUESTRA_1635.jpg,train,raw/MUESTRA_1635.jpg
MUESTRA_785,MUESTRA_785.jpg,train,raw/MUESTRA_785.jpg
MUESTRA_1564,MUESTRA_1564.jpg,train,raw/MUESTRA_1564.jpg
MUESTRA_013,MUESTRA_013.jpg,train,raw/MUESTRA_013.jpg
MUESTRA_631,MUESTRA_631.jpg,train,raw/MUESTRA_631.jpg
MUESTRA_1618,MUESTRA_1618.jpg,train,raw/MUESTRA_1618.jpg
MUESTRA_1981,MUESTRA_1981.jpg,train,raw/MUESTRA_1981.jpg
MUESTRA_041,MUESTRA_041.jpg,train,raw/MUESTRA_041.jpg
MUESTRA_690,MUESTRA_690.jpg,train,raw/MUESTRA_690.jpg
MUESTRA_1634,MUESTRA_1634.jpg,train,raw/MUESTRA_1634.jpg
MUESTRA_1691,MUESTRA_1691.jpg,train,raw/MUESTRA_1691.jpg
MUESTRA_1294,MUESTRA_1294.jpg,train,raw/MUESTRA_1294.jpg
MUESTRA_1025,MUESTRA_1025.jpg,train,raw/MUESTRA_1025.jpg
MUESTRA_1683,MUESTRA_1683.jpg,train,raw/MUESTRA_1683.jpg
MUESTRA_1777,MUESTRA_1777.jpg,train,raw/MUESTRA_1777.jpg
MUESTRA_192,MUESTRA_192.jpg,train,raw/MUESTRA_192.jpg
MUESTRA_1525,MUESTRA_1525.jpg,train,raw/MUESTRA_1525.jpg
MUESTRA_1668,MUESTRA_1668.jpg,train,raw/MUESTRA_1668.jpg
MUESTRA_1681,MUESTRA_1681.jpg,train,raw/MUESTRA_1681.jpg
MUESTRA_721,MUESTRA_721.jpg,train,raw/MUESTRA_721.jpg
MUESTRA_929,MUESTRA_929.jpg,train,raw/MUESTRA_929.jpg
MUESTRA_1193,MUESTRA_1193.jpg,train,raw/MUESTRA_1193.jpg
MUESTRA_1622,MUESTRA_1622.jpg,train,raw/MUESTRA_1622.jpg
MUESTRA_134,MUESTRA_134.jpg,train,raw/MUESTRA_134.jpg
MUESTRA_119,MUESTRA_119.jpg,train,raw/MUESTRA_119.jpg
MUESTRA_837,MUESTRA_837.jpg,train,raw/MUESTRA_837.jpg
MUESTRA_106,MUESTRA_106.jpg,train,raw/MUESTRA_106.jpg
MUESTRA_1915,MUESTRA_1915.jpg,train,raw/MUESTRA_1915.jpg
MUESTRA_1504,MUESTRA_1504.jpg,train,raw/MUESTRA_1504.jpg
MUESTRA_1534,MUESTRA_1534.jpg,train,raw/MUESTRA_1534.jpg
MUESTRA_1415,MUESTRA_1415.jpg,train,raw/MUESTRA_1415.jpg
MUESTRA_1346,MUESTRA_1346.jpg,train,raw/MUESTRA_1346.jpg
MUESTRA_1441,MUESTRA_1441.jpg,train,raw/MUESTRA_1441.jpg
MUESTRA_1053,MUESTRA_1053.jpg,train,raw/MUESTRA_1053.jpg
MUESTRA_1728,MUESTRA_1728.jpg,train,raw/MUESTRA_1728.jpg
MUESTRA_1420,MUESTRA_1420.jpg,train,raw/MUESTRA_1420.jpg
MUESTRA_1354,MUESTRA_1354.jpg,train,raw/MUESTRA_1354.jpg
MUESTRA_283,MUESTRA_283.jpg,train,raw/MUESTRA_283.jpg
MUESTRA_1811,MUESTRA_1811.jpg,train,raw/MUESTRA_1811.jpg
MUESTRA_188,MUESTRA_188.jpg,train,raw/MUESTRA_188.jpg
MUESTRA_1425,MUESTRA_1425.jpg,train,raw/MUESTRA_1425.jpg
MUESTRA_137,MUESTRA_137.jpg,train,raw/MUESTRA_137.jpg
MUESTRA_1391,MUESTRA_1391.jpg,train,raw/MUESTRA_1391.jpg
MUESTRA_1747,MUESTRA_1747.jpg,train,raw/MUESTRA_1747.jpg
MUESTRA_1793,MUESTRA_1793.jpg,train,raw/MUESTRA_1793.jpg
MUESTRA_1205,MUESTRA_1205.jpg,train,raw/MUESTRA_1205.jpg
MUESTRA_174,MUESTRA_174.jpg,train,raw/MUESTRA_174.jpg
MUESTRA_899,MUESTRA_899.jpg,train,raw/MUESTRA_899.jpg
MUESTRA_1703,MUESTRA_1703.jpg,train,raw/MUESTRA_1703.jpg
MUESTRA_1849,MUESTRA_1849.jpg,train,raw/MUESTRA_1849.jpg
MUESTRA_254,MUESTRA_254.jpg,train,raw/MUESTRA_254.jpg
MUESTRA_1733,MUESTRA_1733.jpg,train,raw/MUESTRA_1733.jpg
MUESTRA_150,MUESTRA_150.jpg,train,raw/MUESTRA_150.jpg
MUESTRA_219,MUESTRA_219.jpg,train,raw/MUESTRA_219.jpg
MUESTRA_195,MUESTRA_195.jpg,train,raw/MUESTRA_195.jpg
MUESTRA_603,MUESTRA_603.jpg,train,raw/MUESTRA_603.jpg
MUESTRA_320,MUESTRA_320.jpg,train,raw/MUESTRA_320.jpg
MUESTRA_1158,MUESTRA_1158.jpg,train,raw/MUESTRA_1158.jpg
MUESTRA_1759,MUESTRA_1759.jpg,train,raw/MUESTRA_1759.jpg
MUESTRA_1135,MUESTRA_1135.jpg,train,raw/MUESTRA_1135.jpg
MUESTRA_1373,MUESTRA_1373.jpg,train,raw/MUESTRA_1373.jpg
MUESTRA_1947,MUESTRA_1947.jpg,train,raw/MUESTRA_1947.jpg
MUESTRA_630,MUESTRA_630.jpg,train,raw/MUESTRA_630.jpg
MUESTRA_1774,MUESTRA_1774.jpg,train,raw/MUESTRA_1774.jpg
MUESTRA_1873,MUESTRA_1873.jpg,train,raw/MUESTRA_1873.jpg
MUESTRA_1237,MUESTRA_1237.jpg,train,raw/MUESTRA_1237.jpg
MUESTRA_1317,MUESTRA_1317.jpg,train,raw/MUESTRA_1317.jpg
MUESTRA_1700,MUESTRA_1700.jpg,train,raw/MUESTRA_1700.jpg
MUESTRA_1108,MUESTRA_1108.jpg,train,raw/MUESTRA_1108.jpg
MUESTRA_012,MUESTRA_012.jpg,train,raw/MUESTRA_012.jpg
MUESTRA_1184,MUESTRA_1184.jpg,train,raw/MUESTRA_1184.jpg
MUESTRA_1363,MUESTRA_1363.jpg,train,raw/MUESTRA_1363.jpg
MUESTRA_431,MUESTRA_431.jpg,train,raw/MUESTRA_431.jpg
MUESTRA_183,MUESTRA_183.jpg,train,raw/MUESTRA_183.jpg
MUESTRA_1624,MUESTRA_1624.jpg,train,raw/MUESTRA_1624.jpg
MUESTRA_1271,MUESTRA_1271.jpg,train,raw/MUESTRA_1271.jpg
MUESTRA_1980,MUESTRA_1980.jpg,train,raw/MUESTRA_1980.jpg
MUESTRA_289,MUESTRA_289.jpg,train,raw/MUESTRA_289.jpg
MUESTRA_1680,MUESTRA_1680.jpg,train,raw/MUESTRA_1680.jpg
MUESTRA_1757,MUESTRA_1757.jpg,train,raw/MUESTRA_1757.jpg
MUESTRA_1045,MUESTRA_1045.jpg,train,raw/MUESTRA_1045.jpg
MUESTRA_251,MUESTRA_251.jpg,train,raw/MUESTRA_251.jpg
MUESTRA_746,MUESTRA_746.jpg,train,raw/MUESTRA_746.jpg
MUESTRA_934,MUESTRA_934.jpg,train,raw/MUESTRA_934.jpg
MUESTRA_095,MUESTRA_095.jpg,train,raw/MUESTRA_095.jpg
MUESTRA_462,MUESTRA_462.jpg,train,raw/MUESTRA_462.jpg
MUESTRA_1183,MUESTRA_1183.jpg,train,raw/MUESTRA_1183.jpg
MUESTRA_962,MUESTRA_962.jpg,train,raw/MUESTRA_962.jpg
MUESTRA_722,MUESTRA_722.jpg,train,raw/MUESTRA_722.jpg
MUESTRA_1487,MUESTRA_1487.jpg,train,raw/MUESTRA_1487.jpg
MUESTRA_593,MUESTRA_593.jpg,train,raw/MUESTRA_593.jpg
MUESTRA_646,MUESTRA_646.jpg,train,raw/MUESTRA_646.jpg
MUESTRA_1533,MUESTRA_1533.jpg,train,raw/MUESTRA_1533.jpg
MUESTRA_585,MUESTRA_585.jpg,train,raw/MUESTRA_585.jpg
MUESTRA_296,MUESTRA_296.jpg,train,raw/MUESTRA_296.jpg
MUESTRA_1869,MUESTRA_1869.jpg,train,raw/MUESTRA_1869.jpg
MUESTRA_1438,MUESTRA_1438.jpg,train,raw/MUESTRA_1438.jpg
MUESTRA_1067,MUESTRA_1067.jpg,train,raw/MUESTRA_1067.jpg
MUESTRA_872,MUESTRA_872.jpg,train,raw/MUESTRA_872.jpg
MUESTRA_1225,MUESTRA_1225.jpg,train,raw/MUESTRA_1225.jpg
MUESTRA_1790,MUESTRA_1790.jpg,train,raw/MUESTRA_1790.jpg
MUESTRA_1860,MUESTRA_1860.jpg,train,raw/MUESTRA_1860.jpg
MUESTRA_667,MUESTRA_667.jpg,train,raw/MUESTRA_667.jpg
MUESTRA_1732,MUESTRA_1732.jpg,train,raw/MUESTRA_1732.jpg
MUESTRA_499,MUESTRA_499.jpg,train,raw/MUESTRA_499.jpg
MUESTRA_1775,MUESTRA_1775.jpg,train,raw/MUESTRA_1775.jpg
MUESTRA_1509,MUESTRA_1509.jpg,train,raw/MUESTRA_1509.jpg
MUESTRA_340,MUESTRA_340.jpg,train,raw/MUESTRA_340.jpg
MUESTRA_741,MUESTRA_741.jpg,train,raw/MUESTRA_741.jpg
MUESTRA_1989,MUESTRA_1989.jpg,train,raw/MUESTRA_1989.jpg
MUESTRA_483,MUESTRA_483.jpg,train,raw/MUESTRA_483.jpg
MUESTRA_856,MUESTRA_856.jpg,train,raw/MUESTRA_856.jpg
MUESTRA_1443,MUESTRA_1443.jpg,train,raw/MUESTRA_1443.jpg
MUESTRA_1475,MUESTRA_1475.jpg,train,raw/MUESTRA_1475.jpg
MUESTRA_001,MUESTRA_001.jpg,train,raw/MUESTRA_001.jpg
MUESTRA_193,MUESTRA_193.jpg,train,raw/MUESTRA_193.jpg
MUESTRA_1665,MUESTRA_1665.jpg,train,raw/MUESTRA_1665.jpg
MUESTRA_147,MUESTRA_147.jpg,train,raw/MUESTRA_147.jpg
MUESTRA_1969,MUESTRA_1969.jpg,train,raw/MUESTRA_1969.jpg
MUESTRA_260,MUESTRA_260.jpg,train,raw/MUESTRA_260.jpg
MUESTRA_1233,MUESTRA_1233.jpg,train,raw/MUESTRA_1233.jpg
MUESTRA_635,MUESTRA_635.jpg,train,raw/MUESTRA_635.jpg
MUESTRA_361,MUESTRA_361.jpg,train,raw/MUESTRA_361.jpg
MUESTRA_1692,MUESTRA_1692.jpg,train,raw/MUESTRA_1692.jpg
MUESTRA_664,MUESTRA_664.jpg,train,raw/MUESTRA_664.jpg
MUESTRA_1146,MUESTRA_1146.jpg,train,raw/MUESTRA_1146.jpg
MUESTRA_535,MUESTRA_535.jpg,train,raw/MUESTRA_535.jpg
MUESTRA_146,MUESTRA_146.jpg,train,raw/MUESTRA_146.jpg
MUESTRA_670,MUESTRA_670.jpg,train,raw/MUESTRA_670.jpg
MUESTRA_1517,MUESTRA_1517.jpg,train,raw/MUESTRA_1517.jpg
MUESTRA_167,MUESTRA_167.jpg,train,raw/MUESTRA_167.jpg
MUESTRA_863,MUESTRA_863.jpg,train,raw/MUESTRA_863.jpg
MUESTRA_1485,MUESTRA_1485.jpg,train,raw/MUESTRA_1485.jpg
MUESTRA_1853,MUESTRA_1853.jpg,train,raw/MUESTRA_1853.jpg
MUESTRA_1469,MUESTRA_1469.jpg,train,raw/MUESTRA_1469.jpg
MUESTRA_935,MUESTRA_935.jpg,train,raw/MUESTRA_935.jpg
MUESTRA_533,MUESTRA_533.jpg,train,raw/MUESTRA_533.jpg
MUESTRA_416,MUESTRA_416.jpg,train,raw/MUESTRA_416.jpg
MUESTRA_276,MUESTRA_276.jpg,train,raw/MUESTRA_276.jpg
MUESTRA_705,MUESTRA_705.jpg,train,raw/MUESTRA_705.jpg
MUESTRA_360,MUESTRA_360.jpg,train,raw/MUESTRA_360.jpg
MUESTRA_104,MUESTRA_104.jpg,train,raw/MUESTRA_104.jpg
MUESTRA_1712,MUESTRA_1712.jpg,train,raw/MUESTRA_1712.jpg
MUESTRA_1587,MUESTRA_1587.jpg,val,raw/MUESTRA_1587.jpg
MUESTRA_1276,MUESTRA_1276.jpg,val,raw/MUESTRA_1276.jpg
MUESTRA_373,MUESTRA_373.jpg,val,raw/MUESTRA_373.jpg
MUESTRA_1911,MUESTRA_1911.jpg,val,raw/MUESTRA_1911.jpg
MUESTRA_1877,MUESTRA_1877.jpg,val,raw/MUESTRA_1877.jpg
MUESTRA_004,MUESTRA_004.jpg,val,raw/MUESTRA_004.jpg
MUESTRA_669,MUESTRA_669.jpg,val,raw/MUESTRA_669.jpg
MUESTRA_613,MUESTRA_613.jpg,val,raw/MUESTRA_613.jpg
MUESTRA_1383,MUESTRA_1383.jpg,val,raw/MUESTRA_1383.jpg
MUESTRA_663,MUESTRA_663.jpg,val,raw/MUESTRA_663.jpg
MUESTRA_693,MUESTRA_693.jpg,val,raw/MUESTRA_693.jpg
MUESTRA_821,MUESTRA_821.jpg,val,raw/MUESTRA_821.jpg
MUESTRA_626,MUESTRA_626.jpg,val,raw/MUESTRA_626.jpg
MUESTRA_1861,MUESTRA_1861.jpg,val,raw/MUESTRA_1861.jpg
MUESTRA_241,MUESTRA_241.jpg,val,raw/MUESTRA_241.jpg
MUESTRA_1721,MUESTRA_1721.jpg,val,raw/MUESTRA_1721.jpg
MUESTRA_609,MUESTRA_609.jpg,val,raw/MUESTRA_609.jpg
MUESTRA_1552,MUESTRA_1552.jpg,val,raw/MUESTRA_1552.jpg
MUESTRA_1718,MUESTRA_1718.jpg,val,raw/MUESTRA_1718.jpg
MUESTRA_823,MUESTRA_823.jpg,val,raw/MUESTRA_823.jpg
MUESTRA_1111,MUESTRA_1111.jpg,val,raw/MUESTRA_1111.jpg
MUESTRA_079,MUESTRA_079.jpg,val,raw/MUESTRA_079.jpg
MUESTRA_552,MUESTRA_552.jpg,val,raw/MUESTRA_552.jpg
MUESTRA_1990,MUESTRA_1990.jpg,val,raw/MUESTRA_1990.jpg
MUESTRA_790,MUESTRA_790.jpg,val,raw/MUESTRA_790.jpg
MUESTRA_577,MUESTRA_577.jpg,val,raw/MUESTRA_577.jpg
MUESTRA_845,MUESTRA_845.jpg,val,raw/MUESTRA_845.jpg
MUESTRA_057,MUESTRA_057.jpg,val,raw/MUESTRA_057.jpg
MUESTRA_1526,MUESTRA_1526.jpg,val,raw/MUESTRA_1526.jpg
MUESTRA_662,MUESTRA_662.jpg,val,raw/MUESTRA_662.jpg
MUESTRA_391,MUESTRA_391.jpg,val,raw/MUESTRA_391.jpg
MUESTRA_1653,MUESTRA_1653.jpg,val,raw/MUESTRA_1653.jpg
MUESTRA_836,MUESTRA_836.jpg,val,raw/MUESTRA_836.jpg
MUESTRA_313,MUESTRA_313.jpg,val,raw/MUESTRA_313.jpg
MUESTRA_1563,MUESTRA_1563.jpg,val,raw/MUESTRA_1563.jpg
MUESTRA_1429,MUESTRA_1429.jpg,val,raw/MUESTRA_1429.jpg
MUESTRA_920,MUESTRA_920.jpg,val,raw/MUESTRA_920.jpg
MUESTRA_963,MUESTRA_963.jpg,val,raw/MUESTRA_963.jpg
MUESTRA_1520,MUESTRA_1520.jpg,val,raw/MUESTRA_1520.jpg
MUESTRA_1651,MUESTRA_1651.jpg,val,raw/MUESTRA_1651.jpg
MUESTRA_1269,MUESTRA_1269.jpg,val,raw/MUESTRA_1269.jpg
MUESTRA_747,MUESTRA_747.jpg,val,raw/MUESTRA_747.jpg
MUESTRA_049,MUESTRA_049.jpg,val,raw/MUESTRA_049.jpg
MUESTRA_1324,MUESTRA_1324.jpg,val,raw/MUESTRA_1324.jpg
MUESTRA_917,MUESTRA_917.jpg,val,raw/MUESTRA_917.jpg
MUESTRA_1478,MUESTRA_1478.jpg,val,raw/MUESTRA_1478.jpg
MUESTRA_1560,MUESTRA_1560.jpg,val,raw/MUESTRA_1560.jpg
MUESTRA_1766,MUESTRA_1766.jpg,val,raw/MUESTRA_1766.jpg
MUESTRA_1280,MUESTRA_1280.jpg,val,raw/MUESTRA_1280.jpg
MUESTRA_1323,MUESTRA_1323.jpg,val,raw/MUESTRA_1323.jpg
MUESTRA_1785,MUESTRA_1785.jpg,val,raw/MUESTRA_1785.jpg
MUESTRA_080,MUESTRA_080.jpg,val,raw/MUESTRA_080.jpg
MUESTRA_1621,MUESTRA_1621.jpg,val,raw/MUESTRA_1621.jpg
MUESTRA_1110,MUESTRA_1110.jpg,val,raw/MUESTRA_1110.jpg
MUESTRA_970,MUESTRA_970.jpg,val,raw/MUESTRA_970.jpg
MUESTRA_958,MUESTRA_958.jpg,val,raw/MUESTRA_958.jpg
MUESTRA_806,MUESTRA_806.jpg,val,raw/MUESTRA_806.jpg
MUESTRA_1371,MUESTRA_1371.jpg,val,raw/MUESTRA_1371.jpg
MUESTRA_575,MUESTRA_575.jpg,val,raw/MUESTRA_575.jpg
MUESTRA_1676,MUESTRA_1676.jpg,val,raw/MUESTRA_1676.jpg
MUESTRA_1528,MUESTRA_1528.jpg,val,raw/MUESTRA_1528.jpg
MUESTRA_1243,MUESTRA_1243.jpg,val,raw/MUESTRA_1243.jpg
MUESTRA_051,MUESTRA_051.jpg,val,raw/MUESTRA_051.jpg
MUESTRA_1677,MUESTRA_1677.jpg,val,raw/MUESTRA_1677.jpg
MUESTRA_1239,MUESTRA_1239.jpg,val,raw/MUESTRA_1239.jpg
MUESTRA_1211,MUESTRA_1211.jpg,val,raw/MUESTRA_1211.jpg
MUESTRA_644,MUESTRA_644.jpg,val,raw/MUESTRA_644.jpg
MUESTRA_1197,MUESTRA_1197.jpg,val,raw/MUESTRA_1197.jpg
MUESTRA_271,MUESTRA_271.jpg,val,raw/MUESTRA_271.jpg
MUESTRA_642,MUESTRA_642.jpg,val,raw/MUESTRA_642.jpg
MUESTRA_1951,MUESTRA_1951.jpg,val,raw/MUESTRA_1951.jpg
MUESTRA_1568,MUESTRA_1568.jpg,val,raw/MUESTRA_1568.jpg
MUESTRA_1100,MUESTRA_1100.jpg,val,raw/MUESTRA_1100.jpg
MUESTRA_365,MUESTRA_365.jpg,val,raw/MUESTRA_365.jpg
MUESTRA_655,MUESTRA_655.jpg,val,raw/MUESTRA_655.jpg
MUESTRA_809,MUESTRA_809.jpg,val,raw/MUESTRA_809.jpg
MUESTRA_1300,MUESTRA_1300.jpg,val,raw/MUESTRA_1300.jpg
MUESTRA_1575,MUESTRA_1575.jpg,val,raw/MUESTRA_1575.jpg
MUESTRA_586,MUESTRA_586.jpg,val,raw/MUESTRA_586.jpg
MUESTRA_1588,MUESTRA_1588.jpg,val,raw/MUESTRA_1588.jpg
MUESTRA_1483,MUESTRA_1483.jpg,val,raw/MUESTRA_1483.jpg
MUESTRA_086,MUESTRA_086.jpg,val,raw/MUESTRA_086.jpg
MUESTRA_1147,MUESTRA_1147.jpg,val,raw/MUESTRA_1147.jpg
MUESTRA_171,MUESTRA_171.jpg,val,raw/MUESTRA_171.jpg
MUESTRA_1185,MUESTRA_1185.jpg,val,raw/MUESTRA_1185.jpg
MUESTRA_1938,MUESTRA_1938.jpg,val,raw/MUESTRA_1938.jpg
MUESTRA_1993,MUESTRA_1993.jpg,val,raw/MUESTRA_1993.jpg
MUESTRA_833,MUESTRA_833.jpg,val,raw/MUESTRA_833.jpg
MUESTRA_074,MUESTRA_074.jpg,val,raw/MUESTRA_074.jpg
MUESTRA_1925,MUESTRA_1925.jpg,val,raw/MUESTRA_1925.jpg
MUESTRA_1187,MUESTRA_1187.jpg,val,raw/MUESTRA_1187.jpg
MUESTRA_415,MUESTRA_415.jpg,val,raw/MUESTRA_415.jpg
MUESTRA_654,MUESTRA_654.jpg,val,raw/MUESTRA_654.jpg
MUESTRA_767,MUESTRA_767.jpg,val,raw/MUESTRA_767.jpg
MUESTRA_777,MUESTRA_777.jpg,val,raw/MUESTRA_777.jpg
MUESTRA_1953,MUESTRA_1953.jpg,val,raw/MUESTRA_1953.jpg
MUESTRA_1705,MUESTRA_1705.jpg,val,raw/MUESTRA_1705.jpg
MUESTRA_445,MUESTRA_445.jpg,val,raw/MUESTRA_445.jpg
MUESTRA_1936,MUESTRA_1936.jpg,val,raw/MUESTRA_1936.jpg
MUESTRA_1731,MUESTRA_1731.jpg,val,raw/MUESTRA_1731.jpg
MUESTRA_776,MUESTRA_776.jpg,val,raw/MUESTRA_776.jpg
MUESTRA_1397,MUESTRA_1397.jpg,val,raw/MUESTRA_1397.jpg
MUESTRA_304,MUESTRA_304.jpg,val,raw/MUESTRA_304.jpg
MUESTRA_1152,MUESTRA_1152.jpg,val,raw/MUESTRA_1152.jpg
MUESTRA_1530,MUESTRA_1530.jpg,val,raw/MUESTRA_1530.jpg
MUESTRA_008,MUESTRA_008.jpg,val,raw/MUESTRA_008.jpg
MUESTRA_091,MUESTRA_091.jpg,val,raw/MUESTRA_091.jpg
MUESTRA_1424,MUESTRA_1424.jpg,val,raw/MUESTRA_1424.jpg
MUESTRA_680,MUESTRA_680.jpg,val,raw/MUESTRA_680.jpg
MUESTRA_299,MUESTRA_299.jpg,val,raw/MUESTRA_299.jpg
MUESTRA_948,MUESTRA_948.jpg,val,raw/MUESTRA_948.jpg
MUESTRA_1004,MUESTRA_1004.jpg,val,raw/MUESTRA_1004.jpg
MUESTRA_816,MUESTRA_816.jpg,val,raw/MUESTRA_816.jpg
MUESTRA_769,MUESTRA_769.jpg,val,raw/MUESTRA_769.jpg
MUESTRA_1850,MUESTRA_1850.jpg,val,raw/MUESTRA_1850.jpg
MUESTRA_1400,MUESTRA_1400.jpg,val,raw/MUESTRA_1400.jpg
MUESTRA_298,MUESTRA_298.jpg,val,raw/MUESTRA_298.jpg
MUESTRA_407,MUESTRA_407.jpg,val,raw/MUESTRA_407.jpg
MUESTRA_1288,MUESTRA_1288.jpg,val,raw/MUESTRA_1288.jpg
MUESTRA_1548,MUESTRA_1548.jpg,val,raw/MUESTRA_1548.jpg
MUESTRA_469,MUESTRA_469.jpg,val,raw/MUESTRA_469.jpg
MUESTRA_1301,MUESTRA_1301.jpg,val,raw/MUESTRA_1301.jpg
MUESTRA_238,MUESTRA_238.jpg,val,raw/MUESTRA_238.jpg
MUESTRA_1434,MUESTRA_1434.jpg,val,raw/MUESTRA_1434.jpg
MUESTRA_1416,MUESTRA_1416.jpg,val,raw/MUESTRA_1416.jpg
MUESTRA_953,MUESTRA_953.jpg,val,raw/MUESTRA_953.jpg
MUESTRA_815,MUESTRA_815.jpg,val,raw/MUESTRA_815.jpg
MUESTRA_520,MUESTRA_520.jpg,val,raw/MUESTRA_520.jpg
MUESTRA_1109,MUESTRA_1109.jpg,val,raw/MUESTRA_1109.jpg
MUESTRA_1124,MUESTRA_1124.jpg,val,raw/MUESTRA_1124.jpg
MUESTRA_941,MUESTRA_941.jpg,val,raw/MUESTRA_941.jpg
MUESTRA_116,MUESTRA_116.jpg,val,raw/MUESTRA_116.jpg
MUESTRA_1102,MUESTRA_1102.jpg,val,raw/MUESTRA_1102.jpg
MUESTRA_358,MUESTRA_358.jpg,val,raw/MUESTRA_358.jpg
MUESTRA_1467,MUESTRA_1467.jpg,val,raw/MUESTRA_1467.jpg
MUESTRA_1941,MUESTRA_1941.jpg,val,raw/MUESTRA_1941.jpg
MUESTRA_367,MUESTRA_367.jpg,val,raw/MUESTRA_367.jpg
MUESTRA_017,MUESTRA_017.jpg,val,raw/MUESTRA_017.jpg
MUESTRA_817,MUESTRA_817.jpg,val,raw/MUESTRA_817.jpg
MUESTRA_339,MUESTRA_339.jpg,val,raw/MUESTRA_339.jpg
MUESTRA_252,MUESTRA_252.jpg,val,raw/MUESTRA_252.jpg
MUESTRA_1472,MUESTRA_1472.jpg,val,raw/MUESTRA_1472.jpg
MUESTRA_440,MUESTRA_440.jpg,val,raw/MUESTRA_440.jpg
MUESTRA_1920,MUESTRA_1920.jpg,val,raw/MUESTRA_1920.jpg
MUESTRA_727,MUESTRA_727.jpg,val,raw/MUESTRA_727.jpg
MUESTRA_799,MUESTRA_799.jpg,val,raw/MUESTRA_799.jpg
MUESTRA_144,MUESTRA_144.jpg,val,raw/MUESTRA_144.jpg
MUESTRA_1597,MUESTRA_1597.jpg,val,raw/MUESTRA_1597.jpg
MUESTRA_1364,MUESTRA_1364.jpg,val,raw/MUESTRA_1364.jpg
MUESTRA_597,MUESTRA_597.jpg,val,raw/MUESTRA_597.jpg
MUESTRA_1559,MUESTRA_1559.jpg,val,raw/MUESTRA_1559.jpg
MUESTRA_1156,MUESTRA_1156.jpg,val,raw/MUESTRA_1156.jpg
MUESTRA_571,MUESTRA_571.jpg,val,raw/MUESTRA_571.jpg
MUESTRA_1851,MUESTRA_1851.jpg,val,raw/MUESTRA_1851.jpg
MUESTRA_1306,MUESTRA_1306.jpg,val,raw/MUESTRA_1306.jpg
MUESTRA_1910,MUESTRA_1910.jpg,val,raw/MUESTRA_1910.jpg
MUESTRA_1046,MUESTRA_1046.jpg,val,raw/MUESTRA_1046.jpg
MUESTRA_1095,MUESTRA_1095.jpg,val,raw/MUESTRA_1095.jpg
MUESTRA_1958,MUESTRA_1958.jpg,val,raw/MUESTRA_1958.jpg
MUESTRA_272,MUESTRA_272.jpg,val,raw/MUESTRA_272.jpg
MUESTRA_1762,MUESTRA_1762.jpg,val,raw/MUESTRA_1762.jpg
MUESTRA_020,MUESTRA_020.jpg,val,raw/MUESTRA_020.jpg
MUESTRA_1044,MUESTRA_1044.jpg,val,raw/MUESTRA_1044.jpg
MUESTRA_539,MUESTRA_539.jpg,val,raw/MUESTRA_539.jpg
MUESTRA_578,MUESTRA_578.jpg,val,raw/MUESTRA_578.jpg
MUESTRA_1760,MUESTRA_1760.jpg,val,raw/MUESTRA_1760.jpg
MUESTRA_1468,MUESTRA_1468.jpg,val,raw/MUESTRA_1468.jpg
MUESTRA_321,MUESTRA_321.jpg,val,raw/MUESTRA_321.jpg
MUESTRA_730,MUESTRA_730.jpg,val,raw/MUESTRA_730.jpg
MUESTRA_1153,MUESTRA_1153.jpg,val,raw/MUESTRA_1153.jpg
MUESTRA_857,MUESTRA_857.jpg,val,raw/MUESTRA_857.jpg
MUESTRA_632,MUESTRA_632.jpg,val,raw/MUESTRA_632.jpg
MUESTRA_1353,MUESTRA_1353.jpg,val,raw/MUESTRA_1353.jpg
MUESTRA_1494,MUESTRA_1494.jpg,val,raw/MUESTRA_1494.jpg
MUESTRA_972,MUESTRA_972.jpg,val,raw/MUESTRA_972.jpg
MUESTRA_371,MUESTRA_371.jpg,val,raw/MUESTRA_371.jpg
MUESTRA_129,MUESTRA_129.jpg,val,raw/MUESTRA_129.jpg
MUESTRA_1395,MUESTRA_1395.jpg,val,raw/MUESTRA_1395.jpg
MUESTRA_1498,MUESTRA_1498.jpg,val,raw/MUESTRA_1498.jpg
MUESTRA_1882,MUESTRA_1882.jpg,val,raw/MUESTRA_1882.jpg
MUESTRA_1961,MUESTRA_1961.jpg,val,raw/MUESTRA_1961.jpg
MUESTRA_841,MUESTRA_841.jpg,val,raw/MUESTRA_841.jpg
MUESTRA_346,MUESTRA_346.jpg,val,raw/MUESTRA_346.jpg
MUESTRA_169,MUESTRA_169.jpg,val,raw/MUESTRA_169.jpg
MUESTRA_1061,MUESTRA_1061.jpg,val,raw/MUESTRA_1061.jpg
MUESTRA_268,MUESTRA_268.jpg,val,raw/MUESTRA_268.jpg
MUESTRA_082,MUESTRA_082.jpg,val,raw/MUESTRA_082.jpg
MUESTRA_217,MUESTRA_217.jpg,val,raw/MUESTRA_217.jpg
MUESTRA_1987,MUESTRA_1987.jpg,val,raw/MUESTRA_1987.jpg
MUESTRA_1368,MUESTRA_1368.jpg,val,raw/MUESTRA_1368.jpg
MUESTRA_197,MUESTRA_197.jpg,val,raw/MUESTRA_197.jpg
MUESTRA_1132,MUESTRA_1132.jpg,val,raw/MUESTRA_1132.jpg
MUESTRA_1660,MUESTRA_1660.jpg,val,raw/MUESTRA_1660.jpg
MUESTRA_1347,MUESTRA_1347.jpg,val,raw/MUESTRA_1347.jpg
MUESTRA_382,MUESTRA_382.jpg,val,raw/MUESTRA_382.jpg
MUESTRA_1036,MUESTRA_1036.jpg,val,raw/MUESTRA_1036.jpg
MUESTRA_218,MUESTRA_218.jpg,val,raw/MUESTRA_218.jpg
MUESTRA_1037,MUESTRA_1037.jpg,val,raw/MUESTRA_1037.jpg
MUESTRA_1255,MUESTRA_1255.jpg,val,raw/MUESTRA_1255.jpg
MUESTRA_1059,MUESTRA_1059.jpg,val,raw/MUESTRA_1059.jpg
MUESTRA_1855,MUESTRA_1855.jpg,val,raw/MUESTRA_1855.jpg
MUESTRA_1015,MUESTRA_1015.jpg,val,raw/MUESTRA_1015.jpg
MUESTRA_1202,MUESTRA_1202.jpg,val,raw/MUESTRA_1202.jpg
MUESTRA_1898,MUESTRA_1898.jpg,val,raw/MUESTRA_1898.jpg
MUESTRA_1845,MUESTRA_1845.jpg,val,raw/MUESTRA_1845.jpg
MUESTRA_1797,MUESTRA_1797.jpg,val,raw/MUESTRA_1797.jpg
MUESTRA_1997,MUESTRA_1997.jpg,val,raw/MUESTRA_1997.jpg
MUESTRA_1002,MUESTRA_1002.jpg,val,raw/MUESTRA_1002.jpg
MUESTRA_1016,MUESTRA_1016.jpg,val,raw/MUESTRA_1016.jpg
MUESTRA_1493,MUESTRA_1493.jpg,val,raw/MUESTRA_1493.jpg
MUESTRA_531,MUESTRA_531.jpg,val,raw/MUESTRA_531.jpg
MUESTRA_754,MUESTRA_754.jpg,val,raw/MUESTRA_754.jpg
MUESTRA_1919,MUESTRA_1919.jpg,val,raw/MUESTRA_1919.jpg
MUESTRA_506,MUESTRA_506.jpg,val,raw/MUESTRA_506.jpg
MUESTRA_1988,MUESTRA_1988.jpg,val,raw/MUESTRA_1988.jpg
MUESTRA_1018,MUESTRA_1018.jpg,val,raw/MUESTRA_1018.jpg
MUESTRA_1314,MUESTRA_1314.jpg,val,raw/MUESTRA_1314.jpg
MUESTRA_1461,MUESTRA_1461.jpg,val,raw/MUESTRA_1461.jpg
MUESTRA_1262,MUESTRA_1262.jpg,val,raw/MUESTRA_1262.jpg
MUESTRA_1198,MUESTRA_1198.jpg,val,raw/MUESTRA_1198.jpg
MUESTRA_1815,MUESTRA_1815.jpg,val,raw/MUESTRA_1815.jpg
MUESTRA_471,MUESTRA_471.jpg,val,raw/MUESTRA_471.jpg
MUESTRA_355,MUESTRA_355.jpg,val,raw/MUESTRA_355.jpg
MUESTRA_1944,MUESTRA_1944.jpg,val,raw/MUESTRA_1944.jpg
MUESTRA_604,MUESTRA_604.jpg,val,raw/MUESTRA_604.jpg
MUESTRA_496,MUESTRA_496.jpg,val,raw/MUESTRA_496.jpg
MUESTRA_426,MUESTRA_426.jpg,val,raw/MUESTRA_426.jpg
MUESTRA_740,MUESTRA_740.jpg,val,raw/MUESTRA_740.jpg
MUESTRA_1440,MUESTRA_1440.jpg,val,raw/MUESTRA_1440.jpg
MUESTRA_1756,MUESTRA_1756.jpg,val,raw/MUESTRA_1756.jpg
MUESTRA_607,MUESTRA_607.jpg,val,raw/MUESTRA_607.jpg
MUESTRA_605,MUESTRA_605.jpg,val,raw/MUESTRA_605.jpg
MUESTRA_1403,MUESTRA_1403.jpg,val,raw/MUESTRA_1403.jpg
MUESTRA_1636,MUESTRA_1636.jpg,val,raw/MUESTRA_1636.jpg
MUESTRA_005,MUESTRA_005.jpg,val,raw/MUESTRA_005.jpg
MUESTRA_1615,MUESTRA_1615.jpg,val,raw/MUESTRA_1615.jpg
MUESTRA_1216,MUESTRA_1216.jpg,val,raw/MUESTRA_1216.jpg
MUESTRA_709,MUESTRA_709.jpg,val,raw/MUESTRA_709.jpg
MUESTRA_868,MUESTRA_868.jpg,val,raw/MUESTRA_868.jpg
MUESTRA_1307,MUESTRA_1307.jpg,val,raw/MUESTRA_1307.jpg
MUESTRA_1805,MUESTRA_1805.jpg,val,raw/MUESTRA_1805.jpg
MUESTRA_699,MUESTRA_699.jpg,val,raw/MUESTRA_699.jpg
MUESTRA_1666,MUESTRA_1666.jpg,val,raw/MUESTRA_1666.jpg
MUESTRA_1219,MUESTRA_1219.jpg,val,raw/MUESTRA_1219.jpg
MUESTRA_135,MUESTRA_135.jpg,val,raw/MUESTRA_135.jpg
MUESTRA_543,MUESTRA_543.jpg,val,raw/MUESTRA_543.jpg
MUESTRA_980,MUESTRA_980.jpg,val,raw/MUESTRA_980.jpg
MUESTRA_031,MUESTRA_031.jpg,val,raw/MUESTRA_031.jpg
MUESTRA_1916,MUESTRA_1916.jpg,val,raw/MUESTRA_1916.jpg
MUESTRA_335,MUESTRA_335.jpg,val,raw/MUESTRA_335.jpg
MUESTRA_1003,MUESTRA_1003.jpg,val,raw/MUESTRA_1003.jpg
MUESTRA_1091,MUESTRA_1091.jpg,val,raw/MUESTRA_1091.jpg
MUESTRA_1934,MUESTRA_1934.jpg,val,raw/MUESTRA_1934.jpg
MUESTRA_1734,MUESTRA_1734.jpg,val,raw/MUESTRA_1734.jpg
MUESTRA_105,MUESTRA_105.jpg,val,raw/MUESTRA_105.jpg
MUESTRA_1374,MUESTRA_1374.jpg,val,raw/MUESTRA_1374.jpg
MUESTRA_1770,MUESTRA_1770.jpg,val,raw/MUESTRA_1770.jpg
MUESTRA_701,MUESTRA_701.jpg,val,raw/MUESTRA_701.jpg
MUESTRA_1250,MUESTRA_1250.jpg,val,raw/MUESTRA_1250.jpg
MUESTRA_824,MUESTRA_824.jpg,val,raw/MUESTRA_824.jpg
MUESTRA_1170,MUESTRA_1170.jpg,val,raw/MUESTRA_1170.jpg
MUESTRA_1744,MUESTRA_1744.jpg,val,raw/MUESTRA_1744.jpg
MUESTRA_936,MUESTRA_936.jpg,val,raw/MUESTRA_936.jpg
MUESTRA_686,MUESTRA_686.jpg,val,raw/MUESTRA_686.jpg
MUESTRA_1266,MUESTRA_1266.jpg,val,raw/MUESTRA_1266.jpg
MUESTRA_1372,MUESTRA_1372.jpg,val,raw/MUESTRA_1372.jpg
MUESTRA_1112,MUESTRA_1112.jpg,val,raw/MUESTRA_1112.jpg
MUESTRA_639,MUESTRA_639.jpg,val,raw/MUESTRA_639.jpg
MUESTRA_1540,MUESTRA_1540.jpg,val,raw/MUESTRA_1540.jpg
MUESTRA_491,MUESTRA_491.jpg,val,raw/MUESTRA_491.jpg
MUESTRA_1659,MUESTRA_1659.jpg,val,raw/MUESTRA_1659.jpg
MUESTRA_1022,MUESTRA_1022.jpg,val,raw/MUESTRA_1022.jpg
MUESTRA_1092,MUESTRA_1092.jpg,val,raw/MUESTRA_1092.jpg
MUESTRA_323,MUESTRA_323.jpg,val,raw/MUESTRA_323.jpg
MUESTRA_338,MUESTRA_338.jpg,val,raw/MUESTRA_338.jpg
MUESTRA_379,MUESTRA_379.jpg,val,raw/MUESTRA_379.jpg
MUESTRA_101,MUESTRA_101.jpg,val,raw/MUESTRA_101.jpg
MUESTRA_889,MUESTRA_889.jpg,val,raw/MUESTRA_889.jpg
MUESTRA_1779,MUESTRA_1779.jpg,val,raw/MUESTRA_1779.jpg
MUESTRA_1674,MUESTRA_1674.jpg,val,raw/MUESTRA_1674.jpg
MUESTRA_1698,MUESTRA_1698.jpg,val,raw/MUESTRA_1698.jpg
MUESTRA_1569,MUESTRA_1569.jpg,val,raw/MUESTRA_1569.jpg
MUESTRA_1711,MUESTRA_1711.jpg,val,raw/MUESTRA_1711.jpg
MUESTRA_349,MUESTRA_349.jpg,val,raw/MUESTRA_349.jpg
MUESTRA_946,MUESTRA_946.jpg,val,raw/MUESTRA_946.jpg
MUESTRA_1085,MUESTRA_1085.jpg,val,raw/MUESTRA_1085.jpg
MUESTRA_1263,MUESTRA_1263.jpg,val,raw/MUESTRA_1263.jpg
MUESTRA_1667,MUESTRA_1667.jpg,val,raw/MUESTRA_1667.jpg
MUESTRA_653,MUESTRA_653.jpg,val,raw/MUESTRA_653.jpg
MUESTRA_692,MUESTRA_692.jpg,val,raw/MUESTRA_692.jpg
MUESTRA_606,MUESTRA_606.jpg,val,raw/MUESTRA_606.jpg
MUESTRA_1361,MUESTRA_1361.jpg,val,raw/MUESTRA_1361.jpg
MUESTRA_179,MUESTRA_179.jpg,val,raw/MUESTRA_179.jpg
MUESTRA_1982,MUESTRA_1982.jpg,val,raw/MUESTRA_1982.jpg
MUESTRA_1972,MUESTRA_1972.jpg,val,raw/MUESTRA_1972.jpg
MUESTRA_481,MUESTRA_481.jpg,val,raw/MUESTRA_481.jpg
MUESTRA_1155,MUESTRA_1155.jpg,val,raw/MUESTRA_1155.jpg
MUESTRA_738,MUESTRA_738.jpg,val,raw/MUESTRA_738.jpg
MUESTRA_1308,MUESTRA_1308.jpg,val,raw/MUESTRA_1308.jpg
MUESTRA_1813,MUESTRA_1813.jpg,val,raw/MUESTRA_1813.jpg
MUESTRA_370,MUESTRA_370.jpg,val,raw/MUESTRA_370.jpg
MUESTRA_1428,MUESTRA_1428.jpg,val,raw/MUESTRA_1428.jpg
MUESTRA_1352,MUESTRA_1352.jpg,val,raw/MUESTRA_1352.jpg
MUESTRA_1866,MUESTRA_1866.jpg,val,raw/MUESTRA_1866.jpg
MUESTRA_712,MUESTRA_712.jpg,val,raw/MUESTRA_712.jpg
MUESTRA_1524,MUESTRA_1524.jpg,val,raw/MUESTRA_1524.jpg
MUESTRA_065,MUESTRA_065.jpg,val,raw/MUESTRA_065.jpg
MUESTRA_1035,MUESTRA_1035.jpg,val,raw/MUESTRA_1035.jpg
MUESTRA_1335,MUESTRA_1335.jpg,val,raw/MUESTRA_1335.jpg
MUESTRA_1019,MUESTRA_1019.jpg,val,raw/MUESTRA_1019.jpg
MUESTRA_292,MUESTRA_292.jpg,val,raw/MUESTRA_292.jpg
MUESTRA_449,MUESTRA_449.jpg,val,raw/MUESTRA_449.jpg
MUESTRA_1041,MUESTRA_1041.jpg,val,raw/MUESTRA_1041.jpg
MUESTRA_015,MUESTRA_015.jpg,val,raw/MUESTRA_015.jpg
MUESTRA_967,MUESTRA_967.jpg,val,raw/MUESTRA_967.jpg
MUESTRA_205,MUESTRA_205.jpg,val,raw/MUESTRA_205.jpg
MUESTRA_1338,MUESTRA_1338.jpg,val,raw/MUESTRA_1338.jpg
MUESTRA_1940,MUESTRA_1940.jpg,val,raw/MUESTRA_1940.jpg
MUESTRA_204,MUESTRA_204.jpg,val,raw/MUESTRA_204.jpg
MUESTRA_044,MUESTRA_044.jpg,val,raw/MUESTRA_044.jpg
MUESTRA_1539,MUESTRA_1539.jpg,val,raw/MUESTRA_1539.jpg
MUESTRA_1029,MUESTRA_1029.jpg,val,raw/MUESTRA_1029.jpg
MUESTRA_1328,MUESTRA_1328.jpg,val,raw/MUESTRA_1328.jpg
MUESTRA_1370,MUESTRA_1370.jpg,val,raw/MUESTRA_1370.jpg
MUESTRA_1134,MUESTRA_1134.jpg,val,raw/MUESTRA_1134.jpg
MUESTRA_175,MUESTRA_175.jpg,val,raw/MUESTRA_175.jpg
MUESTRA_1872,MUESTRA_1872.jpg,val,raw/MUESTRA_1872.jpg
MUESTRA_1725,MUESTRA_1725.jpg,val,raw/MUESTRA_1725.jpg
MUESTRA_1604,MUESTRA_1604.jpg,val,raw/MUESTRA_1604.jpg
MUESTRA_971,MUESTRA_971.jpg,val,raw/MUESTRA_971.jpg
MUESTRA_375,MUESTRA_375.jpg,val,raw/MUESTRA_375.jpg
MUESTRA_840,MUESTRA_840.jpg,val,raw/MUESTRA_840.jpg
MUESTRA_149,MUESTRA_149.jpg,val,raw/MUESTRA_149.jpg
MUESTRA_460,MUESTRA_460.jpg,val,raw/MUESTRA_460.jpg
MUESTRA_1283,MUESTRA_1283.jpg,val,raw/MUESTRA_1283.jpg
MUESTRA_412,MUESTRA_412.jpg,val,raw/MUESTRA_412.jpg
MUESTRA_938,MUESTRA_938.jpg,val,raw/MUESTRA_938.jpg
MUESTRA_546,MUESTRA_546.jpg,val,raw/MUESTRA_546.jpg
MUESTRA_775,MUESTRA_775.jpg,val,raw/MUESTRA_775.jpg
MUESTRA_1303,MUESTRA_1303.jpg,val,raw/MUESTRA_1303.jpg
MUESTRA_1697,MUESTRA_1697.jpg,val,raw/MUESTRA_1697.jpg
MUESTRA_242,MUESTRA_242.jpg,val,raw/MUESTRA_242.jpg
MUESTRA_1891,MUESTRA_1891.jpg,val,raw/MUESTRA_1891.jpg
MUESTRA_852,MUESTRA_852.jpg,val,raw/MUESTRA_852.jpg
MUESTRA_1217,MUESTRA_1217.jpg,val,raw/MUESTRA_1217.jpg
MUESTRA_1932,MUESTRA_1932.jpg,val,raw/MUESTRA_1932.jpg
MUESTRA_1794,MUESTRA_1794.jpg,val,raw/MUESTRA_1794.jpg
MUESTRA_351,MUESTRA_351.jpg,val,raw/MUESTRA_351.jpg
MUESTRA_1148,MUESTRA_1148.jpg,val,raw/MUESTRA_1148.jpg
MUESTRA_1143,MUESTRA_1143.jpg,val,raw/MUESTRA_1143.jpg
MUESTRA_568,MUESTRA_568.jpg,val,raw/MUESTRA_568.jpg
MUESTRA_1900,MUESTRA_1900.jpg,val,raw/MUESTRA_1900.jpg
MUESTRA_557,MUESTRA_557.jpg,val,raw/MUESTRA_557.jpg
MUESTRA_1038,MUESTRA_1038.jpg,val,raw/MUESTRA_1038.jpg
MUESTRA_671,MUESTRA_671.jpg,val,raw/MUESTRA_671.jpg
MUESTRA_1814,MUESTRA_1814.jpg,val,raw/MUESTRA_1814.jpg
MUESTRA_498,MUESTRA_498.jpg,val,raw/MUESTRA_498.jpg
MUESTRA_1069,MUESTRA_1069.jpg,val,raw/MUESTRA_1069.jpg
MUESTRA_932,MUESTRA_932.jpg,val,raw/MUESTRA_932.jpg
MUESTRA_864,MUESTRA_864.jpg,val,raw/MUESTRA_864.jpg
MUESTRA_1358,MUESTRA_1358.jpg,val,raw/MUESTRA_1358.jpg
MUESTRA_1017,MUESTRA_1017.jpg,val,raw/MUESTRA_1017.jpg
MUESTRA_1355,MUESTRA_1355.jpg,val,raw/MUESTRA_1355.jpg
MUESTRA_1481,MUESTRA_1481.jpg,val,raw/MUESTRA_1481.jpg
MUESTRA_940,MUESTRA_940.jpg,val,raw/MUESTRA_940.jpg
MUESTRA_703,MUESTRA_703.jpg,val,raw/MUESTRA_703.jpg
MUESTRA_1585,MUESTRA_1585.jpg,val,raw/MUESTRA_1585.jpg
MUESTRA_1118,MUESTRA_1118.jpg,val,raw/MUESTRA_1118.jpg
MUESTRA_040,MUESTRA_040.jpg,val,raw/MUESTRA_040.jpg
MUESTRA_1819,MUESTRA_1819.jpg,val,raw/MUESTRA_1819.jpg
MUESTRA_1512,MUESTRA_1512.jpg,val,raw/MUESTRA_1512.jpg
MUESTRA_226,MUESTRA_226.jpg,val,raw/MUESTRA_226.jpg
MUESTRA_002,MUESTRA_002.jpg,val,raw/MUESTRA_002.jpg
MUESTRA_1897,MUESTRA_1897.jpg,val,raw/MUESTRA_1897.jpg
MUESTRA_594,MUESTRA_594.jpg,val,raw/MUESTRA_594.jpg
MUESTRA_1913,MUESTRA_1913.jpg,val,raw/MUESTRA_1913.jpg
MUESTRA_121,MUESTRA_121.jpg,val,raw/MUESTRA_121.jpg
MUESTRA_561,MUESTRA_561.jpg,val,raw/MUESTRA_561.jpg
MUESTRA_1605,MUESTRA_1605.jpg,val,raw/MUESTRA_1605.jpg
MUESTRA_829,MUESTRA_829.jpg,val,raw/MUESTRA_829.jpg
MUESTRA_973,MUESTRA_973.jpg,val,raw/MUESTRA_973.jpg
MUESTRA_893,MUESTRA_893.jpg,val,raw/MUESTRA_893.jpg
MUESTRA_789,MUESTRA_789.jpg,val,raw/MUESTRA_789.jpg
MUESTRA_308,MUESTRA_308.jpg,val,raw/MUESTRA_308.jpg
MUESTRA_723,MUESTRA_723.jpg,val,raw/MUESTRA_723.jpg
MUESTRA_1465,MUESTRA_1465.jpg,val,raw/MUESTRA_1465.jpg
MUESTRA_280,MUESTRA_280.jpg,val,raw/MUESTRA_280.jpg
MUESTRA_782,MUESTRA_782.jpg,val,raw/MUESTRA_782.jpg
MUESTRA_1107,MUESTRA_1107.jpg,val,raw/MUESTRA_1107.jpg
MUESTRA_1854,MUESTRA_1854.jpg,val,raw/MUESTRA_1854.jpg
MUESTRA_1241,MUESTRA_1241.jpg,val,raw/MUESTRA_1241.jpg
MUESTRA_560,MUESTRA_560.jpg,val,raw/MUESTRA_560.jpg
MUESTRA_1841,MUESTRA_1841.jpg,val,raw/MUESTRA_1841.jpg
MUESTRA_140,MUESTRA_140.jpg,val,raw/MUESTRA_140.jpg
MUESTRA_473,MUESTRA_473.jpg,val,raw/MUESTRA_473.jpg
MUESTRA_793,MUESTRA_793.jpg,val,raw/MUESTRA_793.jpg
MUESTRA_478,MUESTRA_478.jpg,val,raw/MUESTRA_478.jpg
MUESTRA_007,MUESTRA_007.jpg,val,raw/MUESTRA_007.jpg
MUESTRA_1754,MUESTRA_1754.jpg,val,raw/MUESTRA_1754.jpg
MUESTRA_1203,MUESTRA_1203.jpg,val,raw/MUESTRA_1203.jpg
MUESTRA_1719,MUESTRA_1719.jpg,test,raw/MUESTRA_1719.jpg
MUESTRA_1456,MUESTRA_1456.jpg,test,raw/MUESTRA_1456.jpg
MUESTRA_998,MUESTRA_998.jpg,test,raw/MUESTRA_998.jpg
MUESTRA_955,MUESTRA_955.jpg,test,raw/MUESTRA_955.jpg
MUESTRA_312,MUESTRA_312.jpg,test,raw/MUESTRA_312.jpg
MUESTRA_574,MUESTRA_574.jpg,test,raw/MUESTRA_574.jpg
MUESTRA_898,MUESTRA_898.jpg,test,raw/MUESTRA_898.jpg
MUESTRA_537,MUESTRA_537.jpg,test,raw/MUESTRA_537.jpg
MUESTRA_1909,MUESTRA_1909.jpg,test,raw/MUESTRA_1909.jpg
MUESTRA_396,MUESTRA_396.jpg,test,raw/MUESTRA_396.jpg
MUESTRA_1122,MUESTRA_1122.jpg,test,raw/MUESTRA_1122.jpg
MUESTRA_476,MUESTRA_476.jpg,test,raw/MUESTRA_476.jpg
MUESTRA_825,MUESTRA_825.jpg,test,raw/MUESTRA_825.jpg
MUESTRA_024,MUESTRA_024.jpg,test,raw/MUESTRA_024.jpg
MUESTRA_762,MUESTRA_762.jpg,test,raw/MUESTRA_762.jpg
MUESTRA_194,MUESTRA_194.jpg,test,raw/MUESTRA_194.jpg
MUESTRA_1377,MUESTRA_1377.jpg,test,raw/MUESTRA_1377.jpg
MUESTRA_1894,MUESTRA_1894.jpg,test,raw/MUESTRA_1894.jpg
MUESTRA_1780,MUESTRA_1780.jpg,test,raw/MUESTRA_1780.jpg
MUESTRA_220,MUESTRA_220.jpg,test,raw/MUESTRA_220.jpg
MUESTRA_162,MUESTRA_162.jpg,test,raw/MUESTRA_162.jpg
MUESTRA_1626,MUESTRA_1626.jpg,test,raw/MUESTRA_1626.jpg
MUESTRA_1028,MUESTRA_1028.jpg,test,raw/MUESTRA_1028.jpg
MUESTRA_221,MUESTRA_221.jpg,test,raw/MUESTRA_221.jpg
MUESTRA_983,MUESTRA_983.jpg,test,raw/MUESTRA_983.jpg
MUESTRA_393,MUESTRA_393.jpg,test,raw/MUESTRA_393.jpg
MUESTRA_622,MUESTRA_622.jpg,test,raw/MUESTRA_622.jpg
MUESTRA_1207,MUESTRA_1207.jpg,test,raw/MUESTRA_1207.jpg
MUESTRA_285,MUESTRA_285.jpg,test,raw/MUESTRA_285.jpg
MUESTRA_1194,MUESTRA_1194.jpg,test,raw/MUESTRA_1194.jpg
MUESTRA_1113,MUESTRA_1113.jpg,test,raw/MUESTRA_1113.jpg
MUESTRA_763,MUESTRA_763.jpg,test,raw/MUESTRA_763.jpg
MUESTRA_097,MUESTRA_097.jpg,test,raw/MUESTRA_097.jpg
MUESTRA_547,MUESTRA_547.jpg,test,raw/MUESTRA_547.jpg
MUESTRA_1079,MUESTRA_1079.jpg,test,raw/MUESTRA_1079.jpg
MUESTRA_1828,MUESTRA_1828.jpg,test,raw/MUESTRA_1828.jpg
MUESTRA_1858,MUESTRA_1858.jpg,test,raw/MUESTRA_1858.jpg
MUESTRA_1167,MUESTRA_1167.jpg,test,raw/MUESTRA_1167.jpg
MUESTRA_880,MUESTRA_880.jpg,test,raw/MUESTRA_880.jpg
MUESTRA_1583,MUESTRA_1583.jpg,test,raw/MUESTRA_1583.jpg
MUESTRA_1652,MUESTRA_1652.jpg,test,raw/MUESTRA_1652.jpg
MUESTRA_1996,MUESTRA_1996.jpg,test,raw/MUESTRA_1996.jpg
MUESTRA_838,MUESTRA_838.jpg,test,raw/MUESTRA_838.jpg
MUESTRA_1707,MUESTRA_1707.jpg,test,raw/MUESTRA_1707.jpg
MUESTRA_1998,MUESTRA_1998.jpg,test,raw/MUESTRA_1998.jpg
MUESTRA_529,MUESTRA_529.jpg,test,raw/MUESTRA_529.jpg
MUESTRA_1399,MUESTRA_1399.jpg,test,raw/MUESTRA_1399.jpg
MUESTRA_1912,MUESTRA_1912.jpg,test,raw/MUESTRA_1912.jpg
MUESTRA_974,MUESTRA_974.jpg,test,raw/MUESTRA_974.jpg
MUESTRA_525,MUESTRA_525.jpg,test,raw/MUESTRA_525.jpg
MUESTRA_1369,MUESTRA_1369.jpg,test,raw/MUESTRA_1369.jpg
MUESTRA_992,MUESTRA_992.jpg,test,raw/MUESTRA_992.jpg
MUESTRA_1402,MUESTRA_1402.jpg,test,raw/MUESTRA_1402.jpg
MUESTRA_1175,MUESTRA_1175.jpg,test,raw/MUESTRA_1175.jpg
MUESTRA_1763,MUESTRA_1763.jpg,test,raw/MUESTRA_1763.jpg
MUESTRA_316,MUESTRA_316.jpg,test,raw/MUESTRA_316.jpg
MUESTRA_811,MUESTRA_811.jpg,test,raw/MUESTRA_811.jpg
MUESTRA_1646,MUESTRA_1646.jpg,test,raw/MUESTRA_1646.jpg
MUESTRA_1839,MUESTRA_1839.jpg,test,raw/MUESTRA_1839.jpg
MUESTRA_342,MUESTRA_342.jpg,test,raw/MUESTRA_342.jpg
MUESTRA_1305,MUESTRA_1305.jpg,test,raw/MUESTRA_1305.jpg
MUESTRA_1495,MUESTRA_1495.jpg,test,raw/MUESTRA_1495.jpg
MUESTRA_470,MUESTRA_470.jpg,test,raw/MUESTRA_470.jpg
MUESTRA_794,MUESTRA_794.jpg,test,raw/MUESTRA_794.jpg
MUESTRA_1965,MUESTRA_1965.jpg,test,raw/MUESTRA_1965.jpg
MUESTRA_1302,MUESTRA_1302.jpg,test,raw/MUESTRA_1302.jpg
MUESTRA_1032,MUESTRA_1032.jpg,test,raw/MUESTRA_1032.jpg
MUESTRA_1408,MUESTRA_1408.jpg,test,raw/MUESTRA_1408.jpg
MUESTRA_1656,MUESTRA_1656.jpg,test,raw/MUESTRA_1656.jpg
MUESTRA_1497,MUESTRA_1497.jpg,test,raw/MUESTRA_1497.jpg
MUESTRA_648,MUESTRA_648.jpg,test,raw/MUESTRA_648.jpg
MUESTRA_982,MUESTRA_982.jpg,test,raw/MUESTRA_982.jpg
MUESTRA_683,MUESTRA_683.jpg,test,raw/MUESTRA_683.jpg
MUESTRA_1336,MUESTRA_1336.jpg,test,raw/MUESTRA_1336.jpg
MUESTRA_1013,MUESTRA_1013.jpg,test,raw/MUESTRA_1013.jpg
MUESTRA_589,MUESTRA_589.jpg,test,raw/MUESTRA_589.jpg
MUESTRA_573,MUESTRA_573.jpg,test,raw/MUESTRA_573.jpg
MUESTRA_726,MUESTRA_726.jpg,test,raw/MUESTRA_726.jpg
MUESTRA_1513,MUESTRA_1513.jpg,test,raw/MUESTRA_1513.jpg
MUESTRA_402,MUESTRA_402.jpg,test,raw/MUESTRA_402.jpg
MUESTRA_1318,MUESTRA_1318.jpg,test,raw/MUESTRA_1318.jpg
MUESTRA_1946,MUESTRA_1946.jpg,test,raw/MUESTRA_1946.jpg
MUESTRA_409,MUESTRA_409.jpg,test,raw/MUESTRA_409.jpg
MUESTRA_310,MUESTRA_310.jpg,test,raw/MUESTRA_310.jpg
MUESTRA_1411,MUESTRA_1411.jpg,test,raw/MUESTRA_1411.jpg
MUESTRA_1616,MUESTRA_1616.jpg,test,raw/MUESTRA_1616.jpg
MUESTRA_177,MUESTRA_177.jpg,test,raw/MUESTRA_177.jpg
MUESTRA_1213,MUESTRA_1213.jpg,test,raw/MUESTRA_1213.jpg
MUESTRA_994,MUESTRA_994.jpg,test,raw/MUESTRA_994.jpg
MUESTRA_493,MUESTRA_493.jpg,test,raw/MUESTRA_493.jpg
MUESTRA_1903,MUESTRA_1903.jpg,test,raw/MUESTRA_1903.jpg
MUESTRA_1228,MUESTRA_1228.jpg,test,raw/MUESTRA_1228.jpg
MUESTRA_300,MUESTRA_300.jpg,test,raw/MUESTRA_300.jpg
MUESTRA_247,MUESTRA_247.jpg,test,raw/MUESTRA_247.jpg
MUESTRA_1042,MUESTRA_1042.jpg,test,raw/MUESTRA_1042.jpg
MUESTRA_327,MUESTRA_327.jpg,test,raw/MUESTRA_327.jpg
MUESTRA_399,MUESTRA_399.jpg,test,raw/MUESTRA_399.jpg
MUESTRA_437,MUESTRA_437.jpg,test,raw/MUESTRA_437.jpg
MUESTRA_1406,MUESTRA_1406.jpg,test,raw/MUESTRA_1406.jpg
MUESTRA_372,MUESTRA_372.jpg,test,raw/MUESTRA_372.jpg
MUESTRA_130,MUESTRA_130.jpg,test,raw/MUESTRA_130.jpg
MUESTRA_1570,MUESTRA_1570.jpg,test,raw/MUESTRA_1570.jpg
MUESTRA_1599,MUESTRA_1599.jpg,test,raw/MUESTRA_1599.jpg
MUESTRA_1212,MUESTRA_1212.jpg,test,raw/MUESTRA_1212.jpg
MUESTRA_1589,MUESTRA_1589.jpg,test,raw/MUESTRA_1589.jpg
MUESTRA_708,MUESTRA_708.jpg,test,raw/MUESTRA_708.jpg
MUESTRA_301,MUESTRA_301.jpg,test,raw/MUESTRA_301.jpg
MUESTRA_1753,MUESTRA_1753.jpg,test,raw/MUESTRA_1753.jpg
MUESTRA_954,MUESTRA_954.jpg,test,raw/MUESTRA_954.jpg
MUESTRA_947,MUESTRA_947.jpg,test,raw/MUESTRA_947.jpg
MUESTRA_1097,MUESTRA_1097.jpg,test,raw/MUESTRA_1097.jpg
MUESTRA_774,MUESTRA_774.jpg,test,raw/MUESTRA_774.jpg
MUESTRA_978,MUESTRA_978.jpg,test,raw/MUESTRA_978.jpg
MUESTRA_751,MUESTRA_751.jpg,test,raw/MUESTRA_751.jpg
MUESTRA_1058,MUESTRA_1058.jpg,test,raw/MUESTRA_1058.jpg
MUESTRA_1448,MUESTRA_1448.jpg,test,raw/MUESTRA_1448.jpg
MUESTRA_583,MUESTRA_583.jpg,test,raw/MUESTRA_583.jpg
MUESTRA_1333,MUESTRA_1333.jpg,test,raw/MUESTRA_1333.jpg
MUESTRA_354,MUESTRA_354.jpg,test,raw/MUESTRA_354.jpg
MUESTRA_094,MUESTRA_094.jpg,test,raw/MUESTRA_094.jpg
MUESTRA_1039,MUESTRA_1039.jpg,test,raw/MUESTRA_1039.jpg
MUESTRA_442,MUESTRA_442.jpg,test,raw/MUESTRA_442.jpg
MUESTRA_1267,MUESTRA_1267.jpg,test,raw/MUESTRA_1267.jpg
MUESTRA_1984,MUESTRA_1984.jpg,test,raw/MUESTRA_1984.jpg
MUESTRA_1582,MUESTRA_1582.jpg,test,raw/MUESTRA_1582.jpg
MUESTRA_764,MUESTRA_764.jpg,test,raw/MUESTRA_764.jpg
MUESTRA_813,MUESTRA_813.jpg,test,raw/MUESTRA_813.jpg
MUESTRA_266,MUESTRA_266.jpg,test,raw/MUESTRA_266.jpg
MUESTRA_287,MUESTRA_287.jpg,test,raw/MUESTRA_287.jpg
MUESTRA_698,MUESTRA_698.jpg,test,raw/MUESTRA_698.jpg
MUESTRA_1455,MUESTRA_1455.jpg,test,raw/MUESTRA_1455.jpg
MUESTRA_1937,MUESTRA_1937.jpg,test,raw/MUESTRA_1937.jpg
MUESTRA_1056,MUESTRA_1056.jpg,test,raw/MUESTRA_1056.jpg
MUESTRA_1614,MUESTRA_1614.jpg,test,raw/MUESTRA_1614.jpg
MUESTRA_888,MUESTRA_888.jpg,test,raw/MUESTRA_888.jpg
MUESTRA_1141,MUESTRA_1141.jpg,test,raw/MUESTRA_1141.jpg
MUESTRA_1908,MUESTRA_1908.jpg,test,raw/MUESTRA_1908.jpg
MUESTRA_1764,MUESTRA_1764.jpg,test,raw/MUESTRA_1764.jpg
MUESTRA_494,MUESTRA_494.jpg,test,raw/MUESTRA_494.jpg
MUESTRA_089,MUESTRA_089.jpg,test,raw/MUESTRA_089.jpg
MUESTRA_652,MUESTRA_652.jpg,test,raw/MUESTRA_652.jpg
MUESTRA_1401,MUESTRA_1401.jpg,test,raw/MUESTRA_1401.jpg
MUESTRA_236,MUESTRA_236.jpg,test,raw/MUESTRA_236.jpg
MUESTRA_155,MUESTRA_155.jpg,test,raw/MUESTRA_155.jpg
MUESTRA_735,MUESTRA_735.jpg,test,raw/MUESTRA_735.jpg
MUESTRA_1578,MUESTRA_1578.jpg,test,raw/MUESTRA_1578.jpg
MUESTRA_109,MUESTRA_109.jpg,test,raw/MUESTRA_109.jpg
MUESTRA_1617,MUESTRA_1617.jpg,test,raw/MUESTRA_1617.jpg
MUESTRA_1081,MUESTRA_1081.jpg,test,raw/MUESTRA_1081.jpg
MUESTRA_990,MUESTRA_990.jpg,test,raw/MUESTRA_990.jpg
MUESTRA_1536,MUESTRA_1536.jpg,test,raw/MUESTRA_1536.jpg
MUESTRA_563,MUESTRA_563.jpg,test,raw/MUESTRA_563.jpg
MUESTRA_131,MUESTRA_131.jpg,test,raw/MUESTRA_131.jpg
MUESTRA_1199,MUESTRA_1199.jpg,test,raw/MUESTRA_1199.jpg
MUESTRA_964,MUESTRA_964.jpg,test,raw/MUESTRA_964.jpg
MUESTRA_1542,MUESTRA_1542.jpg,test,raw/MUESTRA_1542.jpg
MUESTRA_1696,MUESTRA_1696.jpg,test,raw/MUESTRA_1696.jpg
MUESTRA_429,MUESTRA_429.jpg,test,raw/MUESTRA_429.jpg
MUESTRA_1206,MUESTRA_1206.jpg,test,raw/MUESTRA_1206.jpg
MUESTRA_650,MUESTRA_650.jpg,test,raw/MUESTRA_650.jpg
MUESTRA_554,MUESTRA_554.jpg,test,raw/MUESTRA_554.jpg
MUESTRA_014,MUESTRA_014.jpg,test,raw/MUESTRA_014.jpg
MUESTRA_780,MUESTRA_780.jpg,test,raw/MUESTRA_780.jpg
MUESTRA_657,MUESTRA_657.jpg,test,raw/MUESTRA_657.jpg
MUESTRA_1427,MUESTRA_1427.jpg,test,raw/MUESTRA_1427.jpg
MUESTRA_206,MUESTRA_206.jpg,test,raw/MUESTRA_206.jpg
MUESTRA_1745,MUESTRA_1745.jpg,test,raw/MUESTRA_1745.jpg
MUESTRA_132,MUESTRA_132.jpg,test,raw/MUESTRA_132.jpg
MUESTRA_1690,MUESTRA_1690.jpg,test,raw/MUESTRA_1690.jpg
MUESTRA_986,MUESTRA_986.jpg,test,raw/MUESTRA_986.jpg
MUESTRA_436,MUESTRA_436.jpg,test,raw/MUESTRA_436.jpg
MUESTRA_330,MUESTRA_330.jpg,test,raw/MUESTRA_330.jpg
MUESTRA_466,MUESTRA_466.jpg,test,raw/MUESTRA_466.jpg
MUESTRA_128,MUESTRA_128.jpg,test,raw/MUESTRA_128.jpg
MUESTRA_1954,MUESTRA_1954.jpg,test,raw/MUESTRA_1954.jpg
MUESTRA_055,MUESTRA_055.jpg,test,raw/MUESTRA_055.jpg
MUESTRA_232,MUESTRA_232.jpg,test,raw/MUESTRA_232.jpg
MUESTRA_185,MUESTRA_185.jpg,test,raw/MUESTRA_185.jpg
MUESTRA_1342,MUESTRA_1342.jpg,test,raw/MUESTRA_1342.jpg
MUESTRA_1316,MUESTRA_1316.jpg,test,raw/MUESTRA_1316.jpg
MUESTRA_1083,MUESTRA_1083.jpg,test,raw/MUESTRA_1083.jpg
MUESTRA_062,MUESTRA_062.jpg,test,raw/MUESTRA_062.jpg
MUESTRA_066,MUESTRA_066.jpg,test,raw/MUESTRA_066.jpg
MUESTRA_1695,MUESTRA_1695.jpg,test,raw/MUESTRA_1695.jpg
MUESTRA_209,MUESTRA_209.jpg,test,raw/MUESTRA_209.jpg
MUESTRA_1071,MUESTRA_1071.jpg,test,raw/MUESTRA_1071.jpg
MUESTRA_1924,MUESTRA_1924.jpg,test,raw/MUESTRA_1924.jpg
MUESTRA_827,MUESTRA_827.jpg,test,raw/MUESTRA_827.jpg
MUESTRA_516,MUESTRA_516.jpg,test,raw/MUESTRA_516.jpg
MUESTRA_385,MUESTRA_385.jpg,test,raw/MUESTRA_385.jpg
MUESTRA_110,MUESTRA_110.jpg,test,raw/MUESTRA_110.jpg
MUESTRA_508,MUESTRA_508.jpg,test,raw/MUESTRA_508.jpg
MUESTRA_1169,MUESTRA_1169.jpg,test,raw/MUESTRA_1169.jpg
MUESTRA_1325,MUESTRA_1325.jpg,test,raw/MUESTRA_1325.jpg
MUESTRA_1365,MUESTRA_1365.jpg,test,raw/MUESTRA_1365.jpg
MUESTRA_1421,MUESTRA_1421.jpg,test,raw/MUESTRA_1421.jpg
MUESTRA_518,MUESTRA_518.jpg,test,raw/MUESTRA_518.jpg
MUESTRA_052,MUESTRA_052.jpg,test,raw/MUESTRA_052.jpg
MUESTRA_1117,MUESTRA_1117.jpg,test,raw/MUESTRA_1117.jpg
MUESTRA_309,MUESTRA_309.jpg,test,raw/MUESTRA_309.jpg
